pair,metric,pooled_before,pooled_after,max_within_condition_change,gain,compared
en-hi,COMET-22,0.18354386755796717,0.1811200130350646,1.6485269649507694e-06,-0.0024238545229025854,True
en-hi,CometKiwi-22,0.13214431533069917,0.23470926746325974,1.6382747897725203e-06,0.10256495213256056,True
en-hi,CometKiwi-23,0.16552848553042687,0.2494405205642545,4.451907541086486e-06,0.08391203503382763,True
en-hi,xCOMET-XL,0.22838129005894334,0.2723100432715201,3.261689357939024e-05,0.04392875321257675,True
en-hi,xCOMET-XXL,0.18079634472342376,0.26210208256380957,2.0791620982174575e-05,0.0813057378403858,True
en-hi,MetricX-24,0.22001797341168544,0.31624709508025395,3.245423568110084e-06,0.0962291216685685,True
en-hi,BLEURT-20,0.2396709342562758,0.27640617152677205,8.659425136947618e-07,0.03673523727049624,True
en-hi,BERTScore,0.1869010630062788,0.18824425055846086,3.869363029207484e-06,0.0013431875521820735,True
en-hi,BLEU,0.13266114763645473,0.13296869956704113,7.272450667383801e-05,0.00030755193058640273,True
en-hi,chrF,0.12296465802117615,0.1260386705659143,8.629815782090766e-06,0.0030740125447381583,True
en-hi,TER,0.16541335701718896,0.16573435892061547,0.0006167218908171013,0.00032100190342651547,True
en-bho_IN,COMET-22,0.13736290463949205,0.20933971233175216,3.674581830481749e-07,0.07197680769226011,True
en-bho_IN,CometKiwi-22,0.03642550263190206,0.04607452120975887,2.2158302406052877e-06,0.009649018577856813,True
en-bho_IN,CometKiwi-23,0.09182540142809081,0.11322936757418418,2.6406916945782843e-06,0.02140396614609337,True
en-bho_IN,xCOMET-XL,-0.013583019388536349,-0.012477589293125924,1.5952422858359072e-05,0.0011054300954104253,False
en-bho_IN,xCOMET-XXL,0.13553902370943086,0.1519913423318795,1.4026608734091228e-05,0.016452318622448642,True
en-bho_IN,MetricX-24,0.16499821506162685,0.2514036509846879,3.5134221650356956e-06,0.08640543592306107,True
en-bho_IN,BLEURT-20,0.14418309316632022,0.19795029800113137,1.4510852482219061e-05,0.05376720483481115,True
en-bho_IN,BERTScore,0.2653851439185123,0.305987795892188,1.2371746376804715e-06,0.040602651973675685,True
en-bho_IN,BLEU,0.2742049331217542,0.28315440208668624,6.297341237915255e-07,0.00894946896493204,True
en-bho_IN,chrF,0.29314283623687687,0.3419799989368986,1.6060990766786354e-06,0.04883716270002175,True
en-bho_IN,TER,0.28383639618947215,0.2838817376299606,4.7404838626752266e-05,4.5341440488455564e-05,True
en-ru,COMET-22,0.1982344530788137,0.23566996022962558,1.5831869554228106e-07,0.03743550715081187,True
en-ru,CometKiwi-22,0.1837158162653985,0.2486534188849319,2.122596344855676e-06,0.06493760261953338,True
en-ru,CometKiwi-23,0.1930347975096746,0.28248284584100086,1.2075961679236524e-06,0.08944804833132627,True
en-ru,xCOMET-XL,0.23505284464942852,0.323108176857128,0.00016181288430283658,0.08805533220769948,True
en-ru,xCOMET-XXL,0.18428265839219926,0.29605431940204874,5.128354219757769e-05,0.11177166100984948,True
en-ru,MetricX-24,0.3330820960670406,0.3416269620001074,1.8173064597615252e-07,0.008544865933066803,True
en-ru,BLEURT-20,0.22521173354023966,0.30979296098557507,2.0745175512426606e-06,0.08458122744533542,True
en-ru,BERTScore,0.16781162977396508,0.17167377584244842,1.8141413915540028e-07,0.003862146068483341,True
en-ru,BLEU,0.09000434545890186,0.09001198254255872,3.544379090461569e-06,7.637083656863997e-06,True
en-ru,chrF,0.1412618528836314,0.1412859301950462,2.9989601359470264e-06,2.4077311414794078e-05,True
en-ru,TER,0.11479304880709112,0.11493744859729375,0.00027337489666891257,0.00014439979020262894,True
en-ru_RU,COMET-22,0.0907712177687643,0.13731149535054812,1.1988678291080523e-07,0.04654027758178382,True
en-ru_RU,CometKiwi-22,0.14763579643230498,0.2523017984259387,2.70417250791688e-06,0.10466600199363371,True
en-ru_RU,CometKiwi-23,0.13509239335389342,0.2430715124076132,1.6368123204740792e-06,0.10797911905371979,True
en-ru_RU,xCOMET-XL,0.2541088804011382,0.3985832512598955,7.297925448901399e-06,0.1444743708587573,True
en-ru_RU,xCOMET-XXL,0.20732410658861927,0.3702724671338337,3.216865630484289e-05,0.16294836054521444,True
en-ru_RU,MetricX-24,0.31189565154840154,0.3175432460470986,3.0717843607641626e-07,0.005647594498697062,True
en-ru_RU,BLEURT-20,0.17938874082685086,0.30088305223941475,2.301018165756785e-06,0.1214943114125639,True
en-ru_RU,BERTScore,0.1366810854787637,0.14874359814372143,3.692241715147482e-07,0.012062512664957725,True
en-ru_RU,BLEU,0.11393721620014961,0.11393977599560974,1.5612849880025648e-06,2.559795460127523e-06,True
en-ru_RU,chrF,0.09740941036087765,0.09746949476407528,1.8176924374002645e-07,6.0084403197629976e-05,True
en-ru_RU,TER,0.09724226295039327,0.09726084520452966,2.278535364690082e-05,1.8582254136381704e-05,True
en-uk,COMET-22,0.18631022384650234,0.21717287185237222,1.24715691779409e-06,0.03086264800586988,True
en-uk,CometKiwi-22,0.15667963235684523,0.2204307696651622,6.989132046442137e-07,0.06375113730831697,True
en-uk,CometKiwi-23,0.1543561570249716,0.22238896984392467,3.364461171606603e-07,0.06803281281895307,True
en-uk,xCOMET-XL,0.16954556212654728,0.23236719820077992,0.00022265545903077388,0.06282163607423263,True
en-uk,xCOMET-XXL,0.15062710431849904,0.2307883484641568,1.1639871945468006e-05,0.08016124414565776,True
en-uk,MetricX-24,0.2544700339601092,0.2596702308430175,1.117141098377905e-06,0.005200196882908292,True
en-uk,BLEURT-20,0.1789808717815558,0.24184373604706616,1.753838048679235e-07,0.06286286426551035,True
en-uk,BERTScore,0.17807893542585887,0.18290141898122822,1.0705790645659796e-06,0.00482248355536935,True
en-uk,BLEU,0.1265653403662956,0.12657305731239224,1.344108212084083e-05,7.716946096636423e-06,True
en-uk,chrF,0.16080849208485812,0.16081128517701493,8.290217479167694e-08,2.7930921568108946e-06,True
en-uk,TER,0.13740126705305636,0.13743320281025082,6.110867330408332e-05,3.193575719445674e-05,True
en-uk_UA,COMET-22,0.09932658185721896,0.12018036748138625,5.55505383215138e-06,0.020853785624167287,True
en-uk_UA,CometKiwi-22,0.16054623483055352,0.29751542346356974,1.857655809345271e-05,0.13696918863301621,True
en-uk_UA,CometKiwi-23,0.1346047043888835,0.250009181277407,8.575167091337543e-06,0.11540447688852351,True
en-uk_UA,xCOMET-XL,0.22847135789115885,0.3621275157203056,4.631245733033307e-05,0.13365615782914675,True
en-uk_UA,xCOMET-XXL,0.23058219527657933,0.3941498203241553,6.923443247208727e-05,0.16356762504757597,True
en-uk_UA,MetricX-24,0.34860955383638187,0.35611898607015047,1.9773051607163694e-07,0.007509432233768598,True
en-uk_UA,BLEURT-20,0.221219916750953,0.35710033448634126,1.1268720554569178e-05,0.13588041773538825,True
en-uk_UA,BERTScore,0.14165344059048923,0.14353729268120588,3.890248338106472e-06,0.0018838520907166478,True
en-uk_UA,BLEU,0.1118087772369625,0.11181490169730746,2.8267126434000645e-07,6.124460344952842e-06,True
en-uk_UA,chrF,0.12021915172922358,0.1201382704074725,1.5621214362188107e-06,-8.08813217510751e-05,True
en-uk_UA,TER,0.11157223670434534,0.1116162650122252,8.889341391914163e-05,4.4028307879862005e-05,True
en-ar_EG,COMET-22,0.14868718189245306,0.2330650461156188,0.0,0.08437786422316573,True
en-ar_EG,CometKiwi-22,-0.019300021168311043,-0.045745455191151446,0.0,-0.026445434022840403,False
en-ar_EG,CometKiwi-23,0.026031962985258405,0.04580783243468486,1.177306847682802e-05,0.019775869449426452,False
en-ar_EG,xCOMET-XL,0.003947094450832336,-0.031067208931272818,0.0,-0.03501430338210516,False
en-ar_EG,xCOMET-XXL,0.036804698591805615,-0.0009347178831898423,0.0,-0.03773941647499546,False
en-ar_EG,MetricX-24,0.012207006987167231,-0.006367062368431937,0.0,-0.018574069355599167,False
en-ar_EG,BLEURT-20,0.048276638195831625,0.05363920220284437,0.0,0.005362564007012745,False
en-ar_EG,BERTScore,0.31388025917080803,0.39560448748066973,0.0,0.0817242283098617,True
en-ar_EG,BLEU,0.45413292221250334,0.45640416923589516,1.4461023855050215e-06,0.0022712470233918203,True
en-ar_EG,chrF,0.36967921403684784,0.3697517634926966,0.0,7.254945584878048e-05,True
en-ar_EG,TER,0.49081317531251784,0.49081587276200256,3.2619410622047873e-06,2.697449484723169e-06,True
