pair,language,corpus,condition,mean_cer,agreement,lo,hi,rows
en-hi,Hindi,WMT24,lossy_minus_lossless,,0.04592283248840815,0.017160182383287773,0.07412793708120684,6062
en-hi,Hindi,WMT24,native,0.0,0.30877930523092956,0.2732896070179437,0.33790892043692744,6062
en-hi,Hindi,WMT24,lossless,0.0,0.05662393388603972,0.01839369675613195,0.09274639501087507,6062
en-hi,Hindi,WMT24,lossy,0.1301690058818204,0.10254676637444787,0.06513512153285989,0.13881625210231804,6062
en-hi,Hindi,WMT24,noise02,0.03796241419332765,0.035026564095622256,-0.0007346617412118958,0.07153332975261453,6062
en-hi,Hindi,WMT24,noise05,0.09265252617256403,0.019759105435344395,-0.015142776700314678,0.054722634055041186,6062
en-hi,Hindi,WMT24,noise10,0.18210980571537164,-0.009663912509047988,-0.04696137376272885,0.0300020376486408,6062
en-hi,Hindi,WMT24,noise20,0.34202858107649337,-0.05793533818759313,-0.0934549382358915,-0.020707561428935532,6062
en-bho_IN,Bhojpuri,WMT25,lossy_minus_lossless,,-0.02977919701432069,-0.06026601348855577,-0.0004983478476702764,2666
en-bho_IN,Bhojpuri,WMT25,native,0.0,0.24633587412431368,0.19788470740427583,0.29664937852406525,2666
en-bho_IN,Bhojpuri,WMT25,lossless,0.0,0.1732154620889335,0.12638573850813226,0.21622081561552836,2666
en-bho_IN,Bhojpuri,WMT25,lossy,0.09955679552704112,0.1434362650746128,0.0983468432350582,0.19546715487649008,2666
en-bho_IN,Bhojpuri,WMT25,noise02,0.03923282981381901,0.15455104579628717,0.10759060941027541,0.19903017657591676,2666
en-bho_IN,Bhojpuri,WMT25,noise05,0.09695830131483481,0.14441048300591966,0.09563143121201534,0.19273682988884944,2666
en-bho_IN,Bhojpuri,WMT25,noise10,0.1863779704410275,0.10785408771591284,0.06317380086538271,0.15411582303381904,2666
en-bho_IN,Bhojpuri,WMT25,noise20,0.3496212544636168,0.0509840436053118,0.014590642755698826,0.09730156829486732,2666
en-ru,Russian,WMT24,lossy_minus_lossless,,0.00788734352162962,-0.009777067936228767,0.025091517534804424,8069
en-ru,Russian,WMT24,native,0.0,0.32142587584162985,0.2882897350447925,0.3473537738304238,8069
en-ru,Russian,WMT24,lossless,0.0,0.14991411248304032,0.11520605433470894,0.18190666394531474,8069
en-ru,Russian,WMT24,lossy,0.07119701980236995,0.15780145600466994,0.1239897797139855,0.19230238716858514,8069
en-ru,Russian,WMT24,noise02,0.019296444199579644,0.11797968025806028,0.08026311857487366,0.1497259792532616,8069
en-ru,Russian,WMT24,noise05,0.049595429664616934,0.07893767452688108,0.045302821805643,0.10818247542009009,8069
en-ru,Russian,WMT24,noise10,0.09982746401498095,0.029148693456175795,-0.005442599439145224,0.06355135138862872,8069
en-ru,Russian,WMT24,noise20,0.19929905632646622,-0.04675893055634421,-0.08054426678405972,-0.012637137355651704,8069
en-ru_RU,Russian,WMT25,lossy_minus_lossless,,0.005917421978425489,-0.03379812468750117,0.04060140986549209,3448
en-ru_RU,Russian,WMT25,native,0.0,0.32313672569375207,0.2653110120851489,0.373898539159988,3448
en-ru_RU,Russian,WMT25,lossless,0.0,-0.034497379500232656,-0.09293841435644803,0.022336005514756556,3448
en-ru_RU,Russian,WMT25,lossy,0.07006674439722706,-0.028579957521807167,-0.08612692838827339,0.028188916441008474,3448
en-ru_RU,Russian,WMT25,noise02,0.0199197252689417,-0.07849976612858961,-0.1348997208042675,-0.019564948566274706,3448
en-ru_RU,Russian,WMT25,noise05,0.04963620535644929,-0.11390156179094961,-0.16546474595641883,-0.0541407486940441,3448
en-ru_RU,Russian,WMT25,noise10,0.09927752870855608,-0.1434220741964734,-0.19888565694001822,-0.08509417768215717,3448
en-ru_RU,Russian,WMT25,noise20,0.19945126097221008,-0.17034338621268527,-0.2316800128340849,-0.10603530764189906,3448
en-uk,Ukrainian,WMT24,lossy_minus_lossless,,0.020405599662527057,0.0011397511336516542,0.04097322906107297,6188
en-uk,Ukrainian,WMT24,native,0.0,0.28425475186860166,0.25553921432582016,0.3118534781884482,6188
en-uk,Ukrainian,WMT24,lossless,0.0,0.1500857969804874,0.11564968230868383,0.18079046525381137,6188
en-uk,Ukrainian,WMT24,lossy,0.12116414624089943,0.17049139664301446,0.13439074976358534,0.2015498548630885,6188
en-uk,Ukrainian,WMT24,noise02,0.019377313885469805,0.1317143209029377,0.09546247319403453,0.16236793717207892,6188
en-uk,Ukrainian,WMT24,noise05,0.049671296898729095,0.10288869162651074,0.06992268024424424,0.13339710554131112,6188
en-uk,Ukrainian,WMT24,noise10,0.0997870084629874,0.06685727222846237,0.030565136866406495,0.0976523151534207,6188
en-uk,Ukrainian,WMT24,noise20,0.19925663799613327,0.009489107599824078,-0.02749312439581091,0.038995615074868976,6188
en-uk_UA,Ukrainian,WMT25,lossy_minus_lossless,,0.0042276914567929424,-0.04264931819179976,0.04702476236286265,3418
en-uk_UA,Ukrainian,WMT25,native,0.0,0.27193226755726485,0.2077684717271113,0.32764522616764596,3418
en-uk_UA,Ukrainian,WMT25,lossless,0.0,-0.028717643118250397,-0.08961776821773253,0.03537141655996709,3418
en-uk_UA,Ukrainian,WMT25,lossy,0.11959724918860219,-0.024489951661457454,-0.0911396002519533,0.04265261550530489,3418
en-uk_UA,Ukrainian,WMT25,noise02,0.019953390315862175,-0.062011906757907784,-0.12432122817454902,0.002663315116163678,3418
en-uk_UA,Ukrainian,WMT25,noise05,0.04961536671877262,-0.08747835982138479,-0.1465237189044379,-0.022904641149932736,3418
en-uk_UA,Ukrainian,WMT25,noise10,0.09935364938339512,-0.13227792613293637,-0.19777773799793236,-0.06276736097767766,3418
en-uk_UA,Ukrainian,WMT25,noise20,0.1998172038151917,-0.15824114608083306,-0.2142901330546222,-0.09225246516718626,3418
en-ar_EG,Arabic,WMT25,lossy_minus_lossless,,0.10481595957868464,0.04414098372519307,0.16695966183688932,1179
en-ar_EG,Arabic,WMT25,native,0.0,0.35051146733946303,0.2689072854563109,0.41445656576014717,1179
en-ar_EG,Arabic,WMT25,lossless,0.0,0.11606008372413115,0.022833018027805928,0.208512665258253,1179
en-ar_EG,Arabic,WMT25,lossy,0.25059097639579314,0.2208760433028158,0.13721754588687488,0.2998012438230604,1179
en-ar_EG,Arabic,WMT25,noise02,0.01986366966030957,0.10867815269470099,0.019763705326942257,0.20024479836460934,1179
en-ar_EG,Arabic,WMT25,noise05,0.04973050176642856,0.09972703220823272,0.005948663134871209,0.18993792398843742,1179
en-ar_EG,Arabic,WMT25,noise10,0.09966650829652134,0.06884162741703218,-0.025665948200792203,0.16112893360195324,1179
en-ar_EG,Arabic,WMT25,noise20,0.20090617279921627,-0.0024996282862272306,-0.09542723741454641,0.09831379666414038,1179
