pair,corpus,script,language,metric,rowset,all_systems,native,romanised,diff,native_lo,native_hi,romanised_lo,romanised_hi,diff_lo,diff_hi,compared,rows_scored,rows_kept,excl_roundtrip,excl_trunc_native_only,excl_trunc_romanised_only,excl_trunc_both
en-hi,WMT24,Devanagari,Hindi,COMET-22,common,False,0.3133387034485654,0.1090835783293531,-0.2042551251192123,0.27773867071085306,0.3478079097523987,0.07089990049215208,0.14600941829210687,-0.24146153514810828,-0.16030344620968914,True,6193,4729,98,0,10,0
en-hi,WMT24,Devanagari,Hindi,CometKiwi-22,common,False,0.31344164906752464,0.15197379938631267,-0.16146784968121197,0.27413112245960564,0.350469333352379,0.11411728612484655,0.18850338204336334,-0.20885688748238532,-0.1111327406204978,True,6193,4729,98,0,174,9
en-hi,WMT24,Devanagari,Hindi,CometKiwi-23,common,False,0.3534718460716141,0.1527286598548159,-0.20074318621679818,0.3151470847620315,0.388261049461047,0.11156120619490498,0.18936396251126544,-0.2432868373757784,-0.1534835657194586,True,6193,4729,98,0,174,9
en-hi,WMT24,Devanagari,Hindi,xCOMET-XL,common,False,0.3565715600517186,0.18800772438021537,-0.1685638356715032,0.32181410327237325,0.38485446977435117,0.1441263468376775,0.23458575631707654,-0.19979350940366902,-0.13457832714676635,True,6193,4729,98,0,1141,225
en-hi,WMT24,Devanagari,Hindi,xCOMET-XXL,common,False,0.35337401445908384,0.1708041817040946,-0.18256983275498925,0.3186732716880624,0.3828375023715395,0.12663211852631798,0.21283597792600628,-0.21665088383363543,-0.14145862494837105,True,6193,4729,98,0,1141,225
en-hi,WMT24,Devanagari,Hindi,MetricX-24,common,False,0.35618162837181266,0.2599307001482612,-0.09625092822355147,0.32244890420521305,0.38889487800870365,0.22382760121348466,0.2965846005267059,-0.12298550360889089,-0.06997558525669907,True,6193,4729,98,0,55,9
en-hi,WMT24,Devanagari,Hindi,BLEURT-20,common,False,0.3199777856251454,0.21674197265853262,-0.10323581296661277,0.28160259040104146,0.3553867820880379,0.17204366919267744,0.25184228629170513,-0.13533697502930264,-0.07087961753498206,True,6193,4729,98,0,527,23
en-hi,WMT24,Devanagari,Hindi,BERTScore,common,False,0.19250219285755754,0.17618306579432316,-0.01631912706323438,0.1534683499337669,0.22359610175628739,0.13415695377849596,0.20900779779145898,-0.04189311164065987,0.005732523963626658,True,6193,4729,98,0,9,0
en-hi,WMT24,Devanagari,Hindi,BLEU,common,False,0.14606122004062097,0.14439400322567966,-0.001667216814941308,0.10439477105870351,0.1861721388775315,0.10258810555956699,0.18568953422510193,-0.01034618305031509,0.005739177679776351,True,6193,4729,98,0,0,0
en-hi,WMT24,Devanagari,Hindi,chrF,common,False,0.13614190149873373,0.14325191227926437,0.00711001078053064,0.08995632215058783,0.17586944566241872,0.0949137330465124,0.18148345400662783,-0.0009214480440110172,0.016628254197300907,True,6193,4729,98,0,0,0
en-hi,WMT24,Devanagari,Hindi,TER,common,False,0.16816870269991674,0.173394106179977,0.005225403480060259,0.12979506583139835,0.20625461515343357,0.13683570798875122,0.21331692870460092,0.00027495409568378744,0.012093043569452266,True,6193,4729,98,0,0,0
en-bho_IN,WMT25,Devanagari,Bhojpuri,COMET-22,common,False,0.3251600299699435,0.2980084172859627,-0.027151612683980753,0.20189297710538362,0.4389153665731864,0.17808013667786016,0.41896834908249647,-0.1381955071087672,0.0966572452189032,True,3199,569,20,0,305,56
en-bho_IN,WMT25,Devanagari,Bhojpuri,CometKiwi-22,common,False,0.08343483419640657,-0.08580389058758782,-0.16923872478399438,-0.051253743164747095,0.21712483757120826,-0.22896138799663518,0.04657380197567711,-0.2942379034997193,-0.032108632371528244,False,3199,569,20,0,1182,441
en-bho_IN,WMT25,Devanagari,Bhojpuri,CometKiwi-23,common,False,0.2504888501512843,-0.0028049258421810924,-0.2532937759934654,0.14018166735145166,0.36165129959037057,-0.1382705471716955,0.1425256969720712,-0.40348673459313783,-0.12452834588964633,True,3199,569,20,0,1182,441
en-bho_IN,WMT25,Devanagari,Bhojpuri,xCOMET-XL,common,False,0.011132865844220751,-0.03607636441186026,-0.04720923025608101,-0.086995095867356,0.12318078099616814,-0.176713134403302,0.08144943948920971,-0.13843819655934717,0.029137982887093863,False,3199,569,20,0,522,2088
en-bho_IN,WMT25,Devanagari,Bhojpuri,xCOMET-XXL,common,False,0.1324968965811483,0.1715134527659691,0.039016556184820805,0.02720993588690494,0.2641281111183014,0.03903394677085593,0.2944175881855727,-0.08763091561429061,0.15702839936866772,True,3199,569,20,0,522,2088
en-bho_IN,WMT25,Devanagari,Bhojpuri,MetricX-24,common,False,0.2900022171749952,0.2375650224830313,-0.052437194691963895,0.195271634671834,0.4056308035488011,0.10745183313888614,0.3649583211052873,-0.16865830126568554,0.05063275955070658,True,3199,569,20,0,661,284
en-bho_IN,WMT25,Devanagari,Bhojpuri,BLEURT-20,common,False,0.3334173169758253,0.08613552255612118,-0.2472817944197041,0.22409531790488926,0.42750493786112903,-0.026987744297552418,0.21150982308496472,-0.3591528424912084,-0.12434186540590798,True,3199,569,20,0,1062,1142
en-bho_IN,WMT25,Devanagari,Bhojpuri,BERTScore,common,False,0.33455347194688123,0.2739079054576387,-0.06064556648924252,0.22123505891456735,0.439887612349676,0.12138232383522521,0.3958738780646403,-0.14206340093483014,0.014267277947377553,True,3199,569,20,0,127,176
en-bho_IN,WMT25,Devanagari,Bhojpuri,BLEU,common,False,0.19501056114651746,0.26207376796414666,0.0670632068176292,0.10523387951140603,0.27826127940118967,0.16111992908169043,0.3606735614332902,-0.004188197846573405,0.16175627117174451,True,3199,569,20,0,0,0
en-bho_IN,WMT25,Devanagari,Bhojpuri,chrF,common,False,0.3457483152360595,0.35690313805969054,0.011154822823631061,0.2482663579213235,0.4334358624523888,0.258644184074956,0.4371007150946652,-0.00879196880065328,0.032773374043951475,True,3199,569,20,0,0,0
en-bho_IN,WMT25,Devanagari,Bhojpuri,TER,common,False,0.23992254105638036,0.24930766913198885,0.009385128075608484,0.1505397983109529,0.3279141359274882,0.15862720977391215,0.33530152243559325,-0.003284048618861431,0.02198406980971167,True,3199,569,20,0,0,0
en-ru,WMT24,Cyrillic,Russian,COMET-22,common,False,0.3210926670893121,0.16079164390658424,-0.16030102318272788,0.28629505076130307,0.3534335295130136,0.12767270543654544,0.19644573914516228,-0.18733806780801154,-0.13002503206100852,True,8069,7303,0,0,0,0
en-ru,WMT24,Cyrillic,Russian,CometKiwi-22,common,False,0.28822037112970594,0.19787572325157465,-0.09034464787813129,0.2526314593396388,0.3229848103605995,0.16119184930009772,0.23043118104340124,-0.11918633251191012,-0.05845058657082643,True,8069,7303,0,0,60,13
en-ru,WMT24,Cyrillic,Russian,CometKiwi-23,common,False,0.33108602537679555,0.23806434126747647,-0.09302168410931907,0.29404395974559533,0.36280548599521023,0.20420873909711826,0.27515017415167475,-0.1197835818899802,-0.06423558071404331,True,8069,7303,0,0,60,13
en-ru,WMT24,Cyrillic,Russian,xCOMET-XL,common,False,0.38904750049590264,0.25732814050014496,-0.13171935999575768,0.35704514119044845,0.4157272946266149,0.22154957322490987,0.29109818181829455,-0.15961283179157226,-0.10291757863651574,True,8069,7303,0,0,568,198
en-ru,WMT24,Cyrillic,Russian,xCOMET-XXL,common,False,0.38930313583789744,0.2028544937729832,-0.18644864206491424,0.35928163298601906,0.4166168170721513,0.16937512792714846,0.23275406824174674,-0.22052288432995434,-0.15316513728289116,True,8069,7303,0,0,568,198
en-ru,WMT24,Cyrillic,Russian,MetricX-24,common,False,0.3596244162313704,0.3109688830124006,-0.048655533218969815,0.3247498326148415,0.38779902959841844,0.2748981355518354,0.34269609416872104,-0.06875979818721561,-0.02859604973706571,True,8069,7303,0,0,13,0
en-ru,WMT24,Cyrillic,Russian,BLEURT-20,common,False,0.33900823127441004,0.2720444398612964,-0.06696379141311365,0.3036674731244765,0.3686741684666556,0.23958159259265163,0.3051389920986461,-0.09689973754617945,-0.03459013830654669,True,8069,7303,0,0,140,12
en-ru,WMT24,Cyrillic,Russian,BERTScore,common,False,0.18447182623677,0.15513097791869976,-0.02934084831807024,0.15118389507569355,0.22060102895204223,0.12156227573048671,0.18818873786029844,-0.04865039420774727,-0.010322278316000237,True,8069,7303,0,0,0,0
en-ru,WMT24,Cyrillic,Russian,BLEU,common,False,0.09237458085215919,0.08974960136250403,-0.002624979489655163,0.05241080254568912,0.12993790346212203,0.049192693074295545,0.1260544076216866,-0.004979221665157255,-0.0005797296615638259,True,8069,7303,0,0,0,0
en-ru,WMT24,Cyrillic,Russian,chrF,common,False,0.1476791241025228,0.14182820976185845,-0.005850914340664343,0.11360788690976201,0.1883852483352537,0.10557783365902357,0.182417362954654,-0.010025747066060953,-0.002066248994120927,True,8069,7303,0,0,0,0
en-ru,WMT24,Cyrillic,Russian,TER,common,False,0.11541427194330552,0.11300871018538818,-0.0024055617579173405,0.08000217089878063,0.1522317951216698,0.07730604722810143,0.1497996991856205,-0.004691093918177654,-0.0005647282267486938,True,8069,7303,0,0,0,0
en-ru_RU,WMT25,Cyrillic,Russian,COMET-22,common,False,0.31205287391708836,0.08061591513205232,-0.23143695878503603,0.17593584863943101,0.4242881179227324,-0.0354214741939895,0.17290251179069185,-0.345379841813621,-0.12342458381221585,True,3600,1052,0,0,87,1
en-ru_RU,WMT25,Cyrillic,Russian,CometKiwi-22,common,False,0.320211159792033,0.2064046826323618,-0.11380647715967121,0.20122754129236797,0.4174325509079216,0.10011087971358489,0.2942647106429287,-0.20916882162479106,-0.0032755964578879363,True,3600,1052,0,0,393,249
en-ru_RU,WMT25,Cyrillic,Russian,CometKiwi-23,common,False,0.3570142087011891,0.21342100428867733,-0.14359320441251178,0.2340403558098392,0.44871842317553945,0.07439452391134807,0.3291285484328744,-0.258733666321947,-0.019435241641630584,True,3600,1052,0,0,393,249
en-ru_RU,WMT25,Cyrillic,Russian,xCOMET-XL,common,False,0.45132835186485143,0.348459790934231,-0.10286856093062041,0.3467323478610879,0.5298847560280939,0.2512332942811466,0.435283498042595,-0.1775271713371623,-0.04018406580532654,True,3600,1052,0,0,696,1836
en-ru_RU,WMT25,Cyrillic,Russian,xCOMET-XXL,common,False,0.4175949175855635,0.322246639355112,-0.0953482782304515,0.31674662287117855,0.5046884398065733,0.21143328472400394,0.42076043342334163,-0.2008622231995011,0.0014470657889837518,True,3600,1052,0,0,696,1836
en-ru_RU,WMT25,Cyrillic,Russian,MetricX-24,common,False,0.4071286501896905,0.3790403353319776,-0.028088314857712904,0.30355126270977967,0.48536749444627425,0.2573205294210653,0.4868019421546804,-0.09428784749852596,0.02994162741819853,True,3600,1052,0,0,136,141
en-ru_RU,WMT25,Cyrillic,Russian,BLEURT-20,common,False,0.3905982515669142,0.3815725609753213,-0.009025690591592916,0.2825735301225296,0.4851780143181851,0.2783129107745951,0.4772553831987962,-0.09201452638585716,0.08900592010324768,True,3600,1052,0,0,1020,259
en-ru_RU,WMT25,Cyrillic,Russian,BERTScore,common,False,0.24336709753621097,0.21684661072094966,-0.026520486815261313,0.12706580654870134,0.3451606075331652,0.09698125045133736,0.3181813579713549,-0.07085736272471511,0.02519207301925589,True,3600,1052,0,0,3,19
en-ru_RU,WMT25,Cyrillic,Russian,BLEU,common,False,0.11391143769852786,0.11513220847129077,0.0012207707727629052,-0.028289104853464277,0.23038746142104918,-0.028153229310411625,0.23152798591256493,-0.0008376968639248764,0.004566308201316474,False,3600,1052,0,0,0,0
en-ru_RU,WMT25,Cyrillic,Russian,chrF,common,False,0.13446105326889504,0.12896208617272767,-0.005498967096167373,0.027841477932268335,0.24377124717755172,0.01688526013709539,0.24125254693419365,-0.017341821967581363,0.012189938814418697,True,3600,1052,0,0,0,0
en-ru_RU,WMT25,Cyrillic,Russian,TER,common,False,0.17076465284596723,0.17082476880968828,6.011596372104688e-05,0.037873514517684725,0.30021848559190834,0.0374910660392652,0.3003204806051846,-0.0023259870953594606,0.0029870217018570676,True,3600,1052,0,0,0,0
en-uk,WMT24,Cyrillic,Ukrainian,COMET-22,common,False,0.2884379871752681,0.15811264954900744,-0.13032533762626064,0.25419165055208526,0.3203599561596279,0.12173490394291028,0.19541524321673098,-0.15896180295921322,-0.09667533968125536,True,6198,5351,0,0,0,0
en-uk,WMT24,Cyrillic,Ukrainian,CometKiwi-22,common,False,0.2618397188572234,0.18048390987775437,-0.08135580897946904,0.23171525192107076,0.29626441621223815,0.1471198912494927,0.21712493241385503,-0.11280159851507185,-0.05023781476712968,True,6198,5351,0,0,83,10
en-uk,WMT24,Cyrillic,Ukrainian,CometKiwi-23,common,False,0.2634416496050336,0.18252722187218196,-0.08091442773285162,0.2352664277939624,0.2967742584190601,0.1449322165557892,0.2148831465461223,-0.11053534446763551,-0.052814280033869745,True,6198,5351,0,0,83,10
en-uk,WMT24,Cyrillic,Ukrainian,xCOMET-XL,common,False,0.29953167954995463,0.16542267352797324,-0.1341090060219814,0.2682551733992493,0.3311841697977047,0.12893105144591788,0.20793722548986518,-0.16368205167600486,-0.10523329674404926,True,6198,5351,0,0,653,194
en-uk,WMT24,Cyrillic,Ukrainian,xCOMET-XXL,common,False,0.31600058520241175,0.1455841763424784,-0.17041640885993337,0.2861621994140366,0.3480803310872068,0.10726728226288747,0.18254330645151254,-0.20864379532571964,-0.1351032097156081,True,6198,5351,0,0,653,194
en-uk,WMT24,Cyrillic,Ukrainian,MetricX-24,common,False,0.28598545554148724,0.2253911820223952,-0.06059427351909205,0.2528312549407827,0.3218658774681055,0.19438341737178103,0.25893323940397184,-0.08123068516077667,-0.03725237991459635,True,6198,5351,0,0,27,0
en-uk,WMT24,Cyrillic,Ukrainian,BLEURT-20,common,False,0.2684951169264293,0.21647517747137976,-0.05201993945504954,0.23628025210720713,0.30010799299292057,0.18437001959310292,0.25622402735276073,-0.07802842145352629,-0.021628973782438336,True,6198,5351,0,0,231,15
en-uk,WMT24,Cyrillic,Ukrainian,BERTScore,common,False,0.18796269797375387,0.18099567695795815,-0.006967021015795716,0.15594023903434173,0.2221542348861293,0.15099953566116525,0.21607558742475033,-0.027113697980714294,0.009605253100348462,True,6198,5351,0,0,0,0
en-uk,WMT24,Cyrillic,Ukrainian,BLEU,common,False,0.1261740333612347,0.12536208598761034,-0.000811947373624361,0.09251347541362014,0.15587561495399532,0.0921265333890644,0.15468978340200976,-0.00190058594087612,0.00012139605643155211,True,6198,5351,0,0,0,0
en-uk,WMT24,Cyrillic,Ukrainian,chrF,common,False,0.16522750547620754,0.1636317390769003,-0.0015957663993072524,0.13255622727714575,0.20029488256656633,0.13111138966747576,0.1988734215678547,-0.003791513793010915,0.0002476550508542136,True,6198,5351,0,0,0,0
en-uk,WMT24,Cyrillic,Ukrainian,TER,common,False,0.13376528149641087,0.13292677155143226,-0.0008385099449786104,0.10236425937679802,0.16187625824565735,0.1018495216023332,0.16128266908684918,-0.002432187940106777,0.000257516218619725,True,6198,5351,0,0,0,0
en-uk_UA,WMT25,Cyrillic,Ukrainian,COMET-22,common,False,0.2841425694334079,0.09891198875020897,-0.18523058068319892,0.17300905094981792,0.3833102748309546,-0.01767131752397493,0.22698541083500384,-0.30694550583772007,-0.06349972253055419,True,3582,960,2,0,100,3
en-uk_UA,WMT25,Cyrillic,Ukrainian,CometKiwi-22,common,False,0.3115750050497105,0.16451473883769696,-0.1470602662120135,0.19570853870419147,0.40942253285198504,0.04071880346663769,0.28388314813489013,-0.24750128455808998,-0.02036288323534729,True,3582,960,2,0,714,271
en-uk_UA,WMT25,Cyrillic,Ukrainian,CometKiwi-23,common,False,0.35910781092055655,0.07179525421209816,-0.2873125567084584,0.2533383919948504,0.4435029284804682,-0.06898627256641988,0.21720243098705944,-0.43664793802344926,-0.13311486413294915,True,3582,960,2,0,714,271
en-uk_UA,WMT25,Cyrillic,Ukrainian,xCOMET-XL,common,False,0.4388618171699302,0.2772862398742581,-0.16157557729567212,0.3607498463100034,0.5015555927389539,0.1669140861939038,0.3778002591822066,-0.24710795510587585,-0.07548770426428686,True,3582,960,2,0,680,1923
en-uk_UA,WMT25,Cyrillic,Ukrainian,xCOMET-XXL,common,False,0.4845199300752416,0.28744198915114394,-0.19707794092409764,0.4114473149861005,0.5459098032154972,0.16933065576238532,0.40282869476408417,-0.2771508494749965,-0.10691934751696526,True,3582,960,2,0,680,1923
en-uk_UA,WMT25,Cyrillic,Ukrainian,MetricX-24,common,False,0.4123713421215313,0.3408293857790183,-0.07154195634251304,0.2979039241303218,0.48790637153103045,0.2343060746299192,0.4311845996213142,-0.1615311241360487,0.025710734287040897,True,3582,960,2,0,146,165
en-uk_UA,WMT25,Cyrillic,Ukrainian,BLEURT-20,common,False,0.3620828077549931,0.371435141281869,0.009352333526875922,0.23783567262680758,0.46265624261529953,0.27524679708103605,0.47064619445562367,-0.09097421849372868,0.12170408939067003,True,3582,960,2,0,1462,307
en-uk_UA,WMT25,Cyrillic,Ukrainian,BERTScore,common,False,0.11630885718263859,0.13296854929632326,0.016659692113684677,0.0049226641059986085,0.20580766058110184,0.0012342548395418117,0.25873222257814665,-0.055592459915444925,0.1060450159993327,True,3582,960,2,0,42,19
en-uk_UA,WMT25,Cyrillic,Ukrainian,BLEU,common,False,0.0672707104209711,0.0658860489190121,-0.0013846615019589975,-0.03319025115472508,0.1545292784131062,-0.034176660823367004,0.15288976180624103,-0.003177692880107336,0.00014396684343276174,False,3582,960,2,0,0,0
en-uk_UA,WMT25,Cyrillic,Ukrainian,chrF,common,False,0.04793655871689666,0.024729371895909895,-0.023207186820986762,-0.06352254767729115,0.14987683416143097,-0.08584864280355266,0.12751747499388338,-0.03988482536395696,-0.003426889438815118,False,3582,960,2,0,0,0
en-uk_UA,WMT25,Cyrillic,Ukrainian,TER,common,False,0.14635227698161934,0.14504700462254042,-0.0013052723590789295,0.03619994321166256,0.24269215804027014,0.034936137549580366,0.24090307726684368,-0.0025151903676495224,-0.00033246342846934634,True,3582,960,2,0,0,0
en-ar_EG,WMT25,Arabic,Arabic,COMET-22,common,False,0.3633776075618677,0.017096705972963238,-0.34628090158890446,0.19467571830810637,0.5385011722707307,-0.15360951576479195,0.17361278471349348,-0.5592225860223344,-0.15528003608771998,True,1393,241,47,0,166,0
en-ar_EG,WMT25,Arabic,Arabic,CometKiwi-22,common,False,-0.2184022601063044,0.32964743257713935,0.5480496926834437,-0.4195222300776342,-0.012666454129379626,0.08061542359181312,0.5302842147525931,0.29787350241447963,0.794491789719138,False,1393,241,47,0,449,92
en-ar_EG,WMT25,Arabic,Arabic,CometKiwi-23,common,False,-0.19399665619142492,0.23059943318023707,0.424596089371662,-0.34980927671456385,-0.02762561801961829,0.02005684650933292,0.4165767406691103,0.1762763559606458,0.6478845296683488,False,1393,241,47,0,449,92
en-ar_EG,WMT25,Arabic,Arabic,xCOMET-XL,common,False,-0.0062924971720633395,-0.05579902550072264,-0.0495065283286593,-0.2562813245910891,0.2131338398462515,-0.2972918095896924,0.19260119479127027,-0.2903887045511508,0.21970793290881535,False,1393,241,47,0,363,742
en-ar_EG,WMT25,Arabic,Arabic,xCOMET-XXL,common,False,-0.03780309132556754,0.03596903620537211,0.07377212753093965,-0.28721107462617457,0.20774830463494987,-0.20844845276502844,0.31827464844231185,-0.21615540927365856,0.4261365632721082,False,1393,241,47,0,363,742
en-ar_EG,WMT25,Arabic,Arabic,MetricX-24,common,False,-0.04105837489855563,0.3299430067083203,0.3710013816068759,-0.315850140550097,0.20954741250905842,0.10608626195592122,0.5164022629851055,0.16483422147881163,0.5890501222366756,False,1393,241,47,0,296,36
en-ar_EG,WMT25,Arabic,Arabic,BLEURT-20,common,False,0.16072002794564028,0.0645619019204361,-0.09615812602520418,-0.08660874141842899,0.38205468466212505,-0.1454086872874077,0.2696476483148239,-0.29577391084644494,0.12291862706013759,False,1393,241,47,0,720,222
en-ar_EG,WMT25,Arabic,Arabic,BERTScore,common,False,0.48692049388567826,0.29354403322989586,-0.1933764606557824,0.31432673250087595,0.6226442657591812,0.03513659752461912,0.48786001380496985,-0.41849572438859134,-0.032080755863902334,True,1393,241,47,0,34,7
en-ar_EG,WMT25,Arabic,Arabic,BLEU,common,False,0.5391059382005521,0.5774519183180974,0.03834598011754531,0.35857052259301747,0.6620835013178327,0.4237467816640356,0.696424505248609,-0.002908063513405186,0.10383934901307028,True,1393,241,47,0,0,0
en-ar_EG,WMT25,Arabic,Arabic,chrF,common,False,0.3817048627056294,0.399392794995539,0.017687932289909558,0.2137628768163986,0.518025670574028,0.24012615556099023,0.5333143197223676,0.004954221787710949,0.03346013672307309,True,1393,241,47,0,0,0
en-ar_EG,WMT25,Arabic,Arabic,TER,common,False,0.5716296776000762,0.5921219172530756,0.0204922396529994,0.4269079023864216,0.6717444921428366,0.45593769576895976,0.6955341145964694,0.007164311270130144,0.040030511268722646,True,1393,241,47,0,0,0
