pair,metric,rows,acc_star_eq_native,acc_star_eq_romanised,n_systems,n_pairs,n_flips,compared
en-hi,COMET-22,6085,0.5378824224083847,0.49976012104661033,10,45,7,True
en-hi,CometKiwi-22,5912,0.5449069838365356,0.4667962793534614,10,45,17,True
en-hi,CometKiwi-23,5912,0.5441826776456237,0.4775846294602013,10,45,17,True
en-hi,xCOMET-XL,4729,0.529312911124982,0.4777932491477409,10,45,13,True
en-hi,xCOMET-XXL,4729,0.5267681375138042,0.48302684015940844,10,45,15,True
en-hi,MetricX-24,6031,0.5410520041722545,0.5200044702726866,10,45,2,True
en-hi,BLEURT-20,5545,0.5400883580135809,0.5066268510185715,10,45,6,True
en-hi,BERTScore,6086,0.5241837299391257,0.5230400295148496,10,45,0,True
en-hi,BLEU,6095,0.4992815297888803,0.4998341991820493,10,45,0,True
en-hi,chrF,6095,0.5228252459378799,0.5216462178991195,10,45,1,True
en-hi,TER,6095,0.4650528720386132,0.46475811502892306,10,45,0,True
en-bho_IN,COMET-22,2981,0.6273959223538029,0.6496154315712367,18,153,42,True
en-bho_IN,CometKiwi-22,1640,0.4729331101012517,0.4278083393127641,18,153,43,False
en-bho_IN,CometKiwi-23,1640,0.5241967631348162,0.45571234951765927,18,153,37,True
en-bho_IN,xCOMET-XL,600,0.4745728234336859,0.4735557363710334,18,153,56,False
en-bho_IN,xCOMET-XXL,600,0.5093572009764036,0.5567534580960131,18,153,55,False
en-bho_IN,MetricX-24,2366,0.555076955402637,0.5442033933918159,18,153,21,True
en-bho_IN,BLEURT-20,1022,0.5784890851116017,0.5836399313220505,18,153,46,True
en-bho_IN,BERTScore,3046,0.6924323256273464,0.6482908516103537,18,153,8,True
en-bho_IN,BLEU,3368,0.6726041409474093,0.6791647560932595,18,153,4,True
en-bho_IN,chrF,3368,0.6960953758244859,0.69874078515749,18,153,6,True
en-bho_IN,TER,3368,0.6356389545342316,0.635850587280872,18,153,0,True
en-ru,COMET-22,8069,0.5250639333014533,0.47857454726906046,13,78,3,True
en-ru,CometKiwi-22,7996,0.48946229329074825,0.4505053476497657,13,78,19,True
en-ru,CometKiwi-23,7996,0.5075119245235443,0.4635960580782081,13,78,9,True
en-ru,xCOMET-XL,7303,0.5261638647699981,0.4693099944577868,13,78,15,True
en-ru,xCOMET-XXL,7303,0.5207140217993719,0.4619434694254572,13,78,11,True
en-ru,MetricX-24,8056,0.5216476811262208,0.5033840771361336,13,78,7,True
en-ru,BLEURT-20,7917,0.5189510563754114,0.4834695827582546,13,78,9,True
en-ru,BERTScore,8069,0.4825041062852153,0.472295569370231,13,78,2,True
en-ru,BLEU,8069,0.45549618479323034,0.45572488928623406,13,78,0,True
en-ru,chrF,8069,0.48167245358338356,0.48115267064473877,13,78,2,True
en-ru,TER,8069,0.418487639561719,0.4185292221968106,13,78,3,True
en-ru_RU,COMET-22,3512,0.5419200914009207,0.5108706609765113,18,153,21,True
en-ru_RU,CometKiwi-22,2958,0.5014731156395777,0.47806694492184304,18,153,29,True
en-ru_RU,CometKiwi-23,2958,0.5186185448891071,0.48747851706358947,18,153,31,True
en-ru_RU,xCOMET-XL,1068,0.555401019935095,0.5171534538711173,18,153,50,True
en-ru_RU,xCOMET-XXL,1068,0.556560037088549,0.5248029670839128,18,153,38,True
en-ru_RU,MetricX-24,3323,0.5509949805987683,0.5240468477448293,18,153,26,True
en-ru_RU,BLEURT-20,2321,0.5430582755517916,0.5325782035674589,18,153,89,True
en-ru_RU,BERTScore,3578,0.535483870967742,0.5330151415404871,18,153,6,True
en-ru_RU,BLEU,3600,0.527156862745098,0.5279084967320261,18,153,0,True
en-ru_RU,chrF,3600,0.5330065359477124,0.5316993464052288,18,153,2,True
en-ru_RU,TER,3600,0.5046732026143791,0.5050326797385621,18,153,0,True
en-uk,COMET-22,6198,0.43467436406278187,0.40256178964459677,10,45,5,True
en-uk,CometKiwi-22,6105,0.4251220138710506,0.3838391251697185,10,45,12,True
en-uk,CometKiwi-23,6105,0.4292686506917177,0.39059117096620305,10,45,9,True
en-uk,xCOMET-XL,5351,0.44260847628657923,0.3927430205179953,10,45,10,True
en-uk,xCOMET-XXL,5351,0.45093340060544906,0.39219643457786746,10,45,10,True
en-uk,MetricX-24,6171,0.4304059201218849,0.4076976094605869,10,45,8,True
en-uk,BLEURT-20,5952,0.4263507395110172,0.4055991548445518,10,45,6,True
en-uk,BERTScore,6198,0.4066390041493776,0.40512357928919357,10,45,0,True
en-uk,BLEU,6198,0.3954176438751579,0.395092909976547,10,45,0,True
en-uk,chrF,6198,0.40472668230200254,0.40389680678333034,10,45,0,True
en-uk,TER,6198,0.39227854952191954,0.39213422334475917,10,45,0,True
en-uk_UA,COMET-22,3477,0.5734515077424613,0.5235330073349633,18,153,41,True
en-uk_UA,CometKiwi-22,2595,0.5337676336879599,0.48221399446970054,18,153,40,True
en-uk_UA,CometKiwi-23,2595,0.5485775882270235,0.5031635187702114,18,153,35,True
en-uk_UA,xCOMET-XL,977,0.5729153605015674,0.4939184952978056,18,153,68,True
en-uk_UA,xCOMET-XXL,977,0.5746708463949843,0.5284012539184954,18,153,88,True
en-uk_UA,MetricX-24,3269,0.5688279663475486,0.5361546272120684,18,153,36,True
en-uk_UA,BLEURT-20,1811,0.5581803455723542,0.5218007559395248,18,153,43,True
en-uk_UA,BERTScore,3519,0.5254038080526545,0.5324221767017026,18,153,6,True
en-uk_UA,BLEU,3580,0.5372373656002367,0.5368756781639431,18,153,0,True
en-uk_UA,chrF,3580,0.5488771249136882,0.5520007891362246,18,153,4,True
en-uk_UA,TER,3580,0.5069213823036202,0.5070857856837536,18,153,0,True
en-ar_EG,COMET-22,3039,0.4661490314146496,0.3894545022382443,18,153,54,True
en-ar_EG,CometKiwi-22,1818,0.3114191900766144,0.395038307187158,18,153,91,False
en-ar_EG,CometKiwi-23,1818,0.3113462240058373,0.3304633345494345,18,153,108,False
en-ar_EG,xCOMET-XL,587,0.36957888120678817,0.4535931280117327,18,153,68,False
en-ar_EG,xCOMET-XXL,587,0.36957888120678817,0.4514980096375445,18,153,65,False
en-ar_EG,MetricX-24,2463,0.3096374530313801,0.4301817812531736,18,153,67,False
en-ar_EG,BLEURT-20,942,0.3333333333333333,0.41437371663244355,18,153,95,False
en-ar_EG,BERTScore,3378,0.6584512022630834,0.5703677510608204,18,153,8,True
en-ar_EG,BLEU,3502,0.6195785180149558,0.6286879673691367,18,153,1,True
en-ar_EG,chrF,3502,0.6097212780421482,0.6116587355540448,18,153,1,True
en-ar_EG,TER,3502,0.6610129163834126,0.6632902787219579,18,153,0,True
