metric,n_folds,mean_n_held_out,lolo_gain_mean,lolo_gain_min,lolo_gain_max,n_folds_negative,max_within_native_invariance_diff,in_sample_gain,n_expected_full_corpus
COMET-22,5,2798.0,0.058117948088526494,-0.01017953058498422,0.14232009280398727,1,0.0,0.09840935992108057,1400
CometKiwi-22,5,2798.0,0.17633760685569339,0.1402734663010407,0.19795981514220046,0,0.0,0.1321487366333307,1400
CometKiwi-23,5,2798.0,0.14177773480381128,0.11988010292769397,0.1591127135325361,0,0.0,0.12948007216434534,1400
xCOMET-XL,5,600.0,0.10787288405171236,0.033569967146585944,0.18765939766822484,0,4.901707158944113e-05,0.05996673903392008,300
xCOMET-XXL,5,600.0,0.17780616818948566,0.0896591579914392,0.23430490572312368,0,0.000245075170497433,0.13507861038053254,300
BERTScore,5,2798.0,0.0013309595166725308,-0.00018651287669552152,0.004631897808268892,1,2.9120964896711676e-06,0.0025679908766409465,1400
MetricX-24,5,2798.0,0.1721860253904428,0.07195070421835686,0.24110796157502912,0,2.5046643003512337e-06,0.16346207670439405,1400
BLEURT-20,5,2798.0,0.07894280701840187,0.02112838107043241,0.11564054954720057,0,0.0,0.08413427333501244,1400
chrF (surface floor),5,2798.0,0.01526499513294583,0.0010943320834612968,0.04967471735781804,0,9.75410418657674e-05,0.09405959929296517,1400
BLEU (surface floor),5,2798.0,0.00313500400161571,-5.400514312561833e-05,0.013551171410749574,1,2.5782616981606665e-05,-0.028066676019634695,1400
TER (surface floor),5,2798.0,0.01024347635742022,-0.0006530422069639108,0.034148073434622964,1,0.0003236707112856396,0.01681285878844971,1400
