corpus,labels,setting,n,max_within_bucket_change,pooled_before,pooled_after,pooled_gain
IndicMT Eval,MQM,GUJ,11020,0.0,0.07957644249586976,0.19792527191837142,0.11834882942250166
IndicMT Eval,MQM,TAM,11820,0.0,0.1362607390479828,0.25665301387553835,0.12039227482755555
IndicMT Eval,MQM,MAL,9295,0.0,0.14863691197754714,0.2855327407378763,0.13689582876032919
IndicMT Eval,MQM,MAR,11790,0.0,0.1168943677431419,0.2607823847939975,0.14388801705085563
IndicMT Eval,MQM,HIN,11855,0.0,0.16724813139230205,0.297887732712155,0.13063960131985297
WMT24,MQM,SPA,11940,7.071367365218961e-06,0.0844372923363871,0.16364482369212852,0.07920753135574142
WMT24,MQM,DEU,11665,4.6350139329687234e-06,0.10421193249223927,0.2293899272930913,0.125177994800852
WMT24,ESA,en-cs,45610,4.071327978694139e-06,0.1650735036217269,0.24610436123676135,0.08103085761503445
WMT24,ESA,en-uk,45515,4.2184655229815515e-06,0.10371256819181543,0.16284926306926684,0.05913669487745141
WMT24,ESA,en-ru,45860,5.864486687490178e-06,0.16032884941102815,0.23411960500855572,0.07379075559752757
WMT24,ESA,en-is,45950,4.040949003802918e-06,0.16768203043110763,0.26177452934693374,0.0940924989158261
WMT24,ESA,en-hi,44470,1.0141339307295771e-05,0.08196542915078973,0.13147987217015755,0.04951444301936782
WMT25,ESA,en-cs_CZ,38470,2.2850658053789885e-05,0.015848775130868575,0.0302860522460829,0.014437277115214326
WMT25,ESA,en-is_IS,39875,0.00013151014684348317,0.09995278746110148,0.2316980935778457,0.13174530611674423
WMT25,ESA,en-bho_IN,24595,2.0093324443776206e-05,0.019325651822288025,-0.018569993688182778,-0.0378956455104708
WMT25,ESA,en-uk_UA,39940,0.00016815725093455303,0.08968818977761484,0.16824659331457148,0.07855840353695664
WMT25,ESA,en-ar_EG,16540,6.561229681134595e-05,-0.025162942777045744,-0.15017547149927388,-0.12501252872222812
WMT25,ESA,en-ru_RU,39415,3.026289525316639e-06,0.05266795784926842,0.09044146859710148,0.037773510747833056
WMT25,ESA,en-et_EE,39930,3.664254326044003e-05,0.03045039887576169,0.08181892053149362,0.05136852165573193
WMT25,ESA,en-it_IT,40960,1.8436592369552862e-05,0.16798281995746567,0.26768675153923965,0.09970393158177399
