lang,condition,mean_cer,spearman_vs_mqm,acc_star_eq,mean_score,n
guj,native,0.0,0.5903446816614872,0.5938566552901023,85.69725007032143,1400
guj,iso,0.009134883895549884,0.2951532400715043,0.510580204778157,0.7769336810495172,1400
guj,iso_noise02,0.04570358632738544,0.27696084670386345,0.49829351535836175,0.7587409285349506,1400
guj,iso_noise05,0.10238613136002665,0.24624036915987976,0.48907849829351535,0.7362811222672463,1400
guj,iso_noise10,0.1871827074194437,0.16511389162263904,0.45255972696245733,0.7108724151764597,1400
guj,iso_noise20,0.3425133011040125,0.13408969667583115,0.45802047781569966,0.6826502164985453,1400
guj,indicxlit,0.18181466006500135,0.34149416735377236,0.5194539249146758,70.60665819901429,1400
hin,native,0.0,0.4216116104971693,0.5559726962457338,71.75218204941429,1400
hin,iso,0.015556500037389141,0.20617807403914767,0.4863481228668942,0.7487631159169333,1400
hin,iso_noise02,0.05300849632249736,0.17248583458771788,0.46177474402730373,0.7297696978492396,1400
hin,iso_noise05,0.10475816386897975,0.16396028762022222,0.4542662116040956,0.7091103096519198,1400
hin,iso_noise10,0.1896717731907464,0.11238460566790867,0.4498293515358362,0.6859161863369602,1400
hin,iso_noise20,0.3402993426151485,0.0746558248436949,0.44744027303754264,0.6638301167104925,1400
hin,indicxlit,0.25207898114808275,0.23034567433660996,0.49829351535836175,68.32047040972144,1400
mal,native,0.0,0.6505589931425153,0.6520547945205479,84.09153099687634,1399
mal,iso,0.03737624124345425,0.4359661828680348,0.5910958904109589,0.800431927840483,1399
mal,iso_noise02,0.06981708955270456,0.41103257922488035,0.5787671232876712,0.7818238775460868,1399
mal,iso_noise05,0.11708939579935194,0.3573157045632551,0.5671232876712329,0.7598367521940086,1399
mal,iso_noise10,0.19130162077237786,0.3122024537409276,0.5585616438356165,0.728559687041316,1399
mal,iso_noise20,0.323082190403044,0.255806792584464,0.540068493150685,0.6959733696091251,1399
mal,indicxlit,0.2712675365683198,0.4599599229273266,0.6136986301369863,70.07644366928521,1399
mar,native,0.0,0.4866224109898451,0.5783876500857633,71.92467585540443,1397
mar,iso,0.015828831450771373,0.24902386275390798,0.5169811320754717,0.7757527793656952,1397
mar,iso_noise02,0.0513510637527998,0.221065395996348,0.5272727272727272,0.7567613982650836,1397
mar,iso_noise05,0.10438681729412044,0.20257948489945457,0.5217838765008577,0.7370816823535078,1397
mar,iso_noise10,0.18609815802311958,0.16690891762069968,0.5018867924528302,0.7117179079233278,1397
mar,iso_noise20,0.3346403961029031,0.06956255660884796,0.49365351629502574,0.6875648410429508,1397
mar,indicxlit,0.20855035936044236,0.27844441203771647,0.527958833619211,72.9311499605297,1397
tam,native,0.0,0.6285695902136684,0.6740994854202401,84.87925938065761,1399
tam,iso,0.010432031859038907,0.33505140780096726,0.5900514579759862,0.8451374300340826,1399
tam,iso_noise02,0.04465065251378596,0.3046039347840687,0.579073756432247,0.8252184895893094,1399
tam,iso_noise05,0.09416948398495911,0.2631521301309688,0.5578044596912521,0.7988111438326874,1399
tam,iso_noise10,0.17299820500559368,0.2157064429323312,0.5471698113207547,0.7608636081048299,1399
tam,iso_noise20,0.31065089196369333,0.15210968042001538,0.5276157804459691,0.7143673281783799,1399
tam,indicxlit,0.26993561567116364,0.24029553310488194,0.5910806174957118,77.72133966035739,1399
