corpus,setting,n_segments,fertility,token_parity,canonical_agreement,headroom,agreement_drop,monotonicity_rho
IndicMT Eval,GUJ,293,2.23193116297776,1.3997807148994397,0.5967054517378787,2.892857142857143,0.4139314780271675,-1.0
IndicMT Eval,TAM,298,3.042010340743472,1.3150782069515483,0.6054097811898707,3.5863636363636364,0.4076128427587467,-1.0
IndicMT Eval,MAL,234,2.9006428410083687,1.243857971339457,0.6103912653109488,3.5798319327731094,0.39831181115610564,-1.0
IndicMT Eval,MAR,296,2.109160568184793,1.1655462078336825,0.5375994952336222,3.492857142857143,0.32557738121428426,-0.9761904761904762
IndicMT Eval,HIN,297,1.5421035954433764,1.2122626753730465,0.42444634317303687,3.4571428571428573,0.1487995208176478,-0.9285714285714286
WMT24,SPA,299,1.4449610359940543,1.0781277935582425,0.3060861179227814,4.216494845360825,0.11341091105218451,-0.9523809523809523
WMT24,DEU,292,1.6205730840558505,1.1192238486321313,0.364905338833297,4.223356009070295,0.0627028779104393,-0.5952380952380952
WMT24,en-cs,1173,2.146856160150055,1.130742228427812,0.4679810269945229,3.5,0.24187109904814388,-1.0
WMT24,en-uk,1169,2.314909275467685,1.1610663676072481,0.3051051478872233,3.52,0.1222903617552381,-1.0
WMT24,en-ru,1176,2.0899602064579423,1.1197193614320395,0.3423173561417469,3.817090909090909,0.16896814282578354,-0.9761904761904762
WMT24,en-is,1180,2.1477205633155894,1.2056122440508692,0.5475701316398024,3.4795833333333333,0.25392805233196897,-0.9523809523809523
WMT24,en-hi,1147,1.8978335701317737,1.2019958646643891,0.2779093486706753,3.4,0.1369092981524716,-0.9285714285714286
WMT25,en-cs_CZ,976,1.8415628593495779,1.1520195976264795,0.3416900216145237,3.4235384615384614,0.2172076576206073,-1.0
WMT25,en-is_IS,1007,1.7769231544883646,1.1856108823339895,0.580491297898785,3.4488188976377954,0.29418244844357333,-0.9761904761904762
WMT25,en-bho_IN,673,1.7404615940731984,1.3910456518328234,0.29613735452353857,2.765151515151515,0.20634326111965196,-0.9047619047619048
WMT25,en-uk_UA,1009,1.9274910672859482,1.1985590681653104,0.28951804760756833,3.390728476821192,0.05817581769964367,-0.9047619047619048
WMT25,en-ar_EG,443,1.9881068237106752,1.0943438012033693,0.33862377698141105,2.808988764044944,0.4793173383147832,-0.9761904761904762
WMT25,en-ru_RU,992,1.8431137898237446,1.1790388683332729,0.30588551395748587,3.643657178217822,0.10670790625796081,-0.9047619047619048
WMT25,en-et_EE,1006,1.9469704200964206,1.1111912308655822,0.4390723645195497,3.636973764490543,0.17477150531019697,-0.7142857142857143
WMT25,en-it_IT,1029,1.5446411611792366,1.1173548104258777,0.39348116723330534,4.007751937984496,0.056892305467703574,-0.8809523809523809
