r,lambda_sd,folds,mean_frag_gain,min_frag_gain,mean_canonical_loss,max_canonical_loss,pareto_ok_folds
4,0.0,5,0.23886111289016418,0.0893263679494948,0.0037744652779875152,0.014293820008091984,5
4,0.5,5,0.2839123976755421,0.1633602811182269,0.001912843825637034,0.010565884995093922,5
4,1.0,5,0.28327392261438905,0.140631601781977,0.0005682573970528515,0.006831671496906222,5
8,0.0,5,0.22796770840631528,0.0582484478829948,0.005889791305493397,0.021167088005248802,3
8,0.5,5,0.27735129465677477,0.12955151722958322,0.0031861370207623696,0.01276457745297821,5
8,1.0,5,0.28243412738011486,0.1489618015627925,-0.002768849796929607,0.0019071545991275474,5
16,0.0,5,0.2305702766850279,-0.03350306894795191,0.00268202722259856,0.01878910827025737,4
16,0.5,5,0.2868144192983539,0.1474392576554235,-0.0015652189737677125,0.0039817664423116295,5
16,1.0,5,0.2940459706041259,0.1683696081001074,-0.0023334124703482174,0.00573201443402882,5
32,0.0,5,0.22776880616228823,0.0852530646179476,0.0029943040050189884,0.0141073414521794,5
32,0.5,5,0.29233191686790594,0.13708721027702084,-0.0020226293940133868,0.00852171686522063,5
32,1.0,5,0.28492064846616855,0.1528709936495605,-0.003361183923800126,0.0028254443208762803,5
