lang,tercile,n,mean_delta_tp,native_acc1,native_acc1_ci_low,native_acc1_ci_high,romanised_acc1,romanised_acc1_ci_low,romanised_acc1_ci_high,drop,drop_ci_low,drop_ci_high,drop_excludes_zero
guj,low,67,0.014661023918304228,0.746268656716418,0.6417910447761194,0.8507462686567164,0.40298507462686567,0.2835820895522388,0.5223880597014925,0.3432835820895523,0.20895522388059695,0.4776119402985075,True
guj,mid,66,0.25818149234824045,0.6818181818181818,0.5757575757575758,0.7878787878787878,0.3787878787878788,0.25757575757575757,0.5,0.303030303030303,0.1515151515151515,0.45454545454545453,True
guj,high,67,0.48857959295166925,0.7761194029850746,0.6716417910447762,0.8656716417910447,0.34328358208955223,0.23880597014925373,0.4626865671641791,0.4328358208955224,0.2835820895522388,0.5820895522388059,True
tam,low,67,0.7370421653279584,0.5373134328358209,0.417910447761194,0.6567164179104478,0.2835820895522388,0.1791044776119403,0.3880597014925373,0.2537313432835821,0.13432835820895522,0.38805970149253727,True
tam,mid,67,1.1610573323869118,0.7611940298507462,0.6567164179104478,0.8656716417910447,0.22388059701492538,0.13432835820895522,0.3283582089552239,0.5373134328358209,0.3880597014925374,0.6716417910447762,True
tam,high,66,1.6255392410350327,0.7878787878787878,0.6818181818181818,0.8787878787878788,0.15151515151515152,0.07575757575757576,0.24242424242424243,0.6363636363636364,0.5,0.7575757575757576,True
mal,low,68,0.08744866606836202,0.5735294117647058,0.45588235294117646,0.6911764705882353,0.3088235294117647,0.20588235294117646,0.4264705882352941,0.2647058823529411,0.11764705882352938,0.411764705882353,True
mal,mid,65,0.42279183137380477,0.7384615384615385,0.6307692307692307,0.8461538461538461,0.2153846153846154,0.12307692307692308,0.3230769230769231,0.5230769230769231,0.4,0.6461538461538461,True
mal,high,67,0.7695437255382964,0.8059701492537313,0.7164179104477612,0.8955223880597015,0.2835820895522388,0.1791044776119403,0.3880597014925373,0.5223880597014925,0.3880597014925373,0.6567164179104478,True
mar,low,67,0.22417685178692093,0.7761194029850746,0.6716417910447762,0.8656716417910447,0.3582089552238806,0.2537313432835821,0.47761194029850745,0.41791044776119407,0.26865671641791045,0.5671641791044776,True
mar,mid,66,0.4387118395687621,0.7272727272727273,0.6212121212121212,0.8333333333333334,0.30303030303030304,0.19696969696969696,0.4090909090909091,0.42424242424242425,0.2878787878787879,0.5606060606060606,True
mar,high,67,0.7010574105197889,0.746268656716418,0.6417910447761194,0.8507462686567164,0.2835820895522388,0.1791044776119403,0.3880597014925373,0.46268656716417916,0.3432835820895523,0.582089552238806,True
hin,low,67,0.2688685324841352,0.8059701492537313,0.7014925373134329,0.8955223880597015,0.43283582089552236,0.31343283582089554,0.5522388059701493,0.373134328358209,0.2388059701492537,0.5074626865671642,True
hin,mid,66,0.4646978984403623,0.7272727272727273,0.6212121212121212,0.8333333333333334,0.3484848484848485,0.2420454545454549,0.4696969696969697,0.3787878787878788,0.2121212121212121,0.5303030303030303,True
hin,high,67,0.722415774080449,0.6865671641791045,0.5671641791044776,0.7910447761194029,0.19402985074626866,0.1044776119402985,0.2835820895522388,0.4925373134328358,0.34328358208955223,0.6268656716417911,True
