held_out_lang,bucket,n_lora,n_baseline,rho_baseline_comet22,rho_lora,delta_rho
guj,"[1.00,1.25)",1465,1465,0.4515951883028496,0.4004926163241461,-0.0511025719787034
guj,"[1.25,1.50)",1465,1465,0.3194975688026278,0.3862281158127757,0.0667305470101479
guj,"[1.50,1.75)",1465,1465,0.2472042048900872,0.376451402721922,0.1292471978318348
guj,"[1.75,2.00)",1460,1460,0.1931519208332,0.3674275514945836,0.1742756306613836
guj,"[2.00,2.25)",1450,1450,0.1335599400728633,0.3585859620601945,0.2250260219873311
guj,"[2.25,2.50)",1425,1425,0.0696768301830801,0.3371157783785257,0.2674389481954455
guj,"[2.50,2.75)",1310,1310,0.0599266427404804,0.3555899365835803,0.2956632938430999
guj,"[2.75,3.00)",980,980,0.037663710275682,0.37007796786439,0.3324142575887079
tam,"[1.00,1.25)",1490,1490,0.4843193772299669,0.4428499212040179,-0.0414694560259489
tam,"[1.25,1.50)",1490,1490,0.395361188440622,0.4357833821896393,0.0404221937490172
tam,"[1.50,1.75)",1490,1490,0.3214736993658219,0.4171368670753643,0.0956631677095424
tam,"[1.75,2.00)",1485,1485,0.26727931718592,0.42167830070576,0.15439898351984
tam,"[2.00,2.25)",1485,1485,0.2073184672918272,0.4114959689494292,0.2041775016576019
tam,"[2.25,2.50)",1485,1485,0.1652783435530995,0.3888736013496701,0.2235952577965705
tam,"[2.50,2.75)",1475,1475,0.1235038499030985,0.4034842497856415,0.279980399882543
tam,"[2.75,3.00)",1420,1420,0.0767065344712202,0.4063029244473293,0.3295963899761091
mal,"[1.00,1.25)",1170,1170,0.5233445598844964,0.5262966588321712,0.0029520989476748
mal,"[1.25,1.50)",1170,1170,0.4014813011453734,0.4927790436775004,0.0912977425321269
mal,"[1.50,1.75)",1170,1170,0.3266860036494753,0.4844137151516742,0.1577277115021989
mal,"[1.75,2.00)",1170,1170,0.2835066196015574,0.4851632746960119,0.2016566550944545
mal,"[2.00,2.25)",1170,1170,0.2515422904348288,0.4875951504561177,0.2360528600212889
mal,"[2.25,2.50)",1170,1170,0.2025312608427594,0.4796863982753924,0.277155137432633
mal,"[2.50,2.75)",1155,1155,0.1608631949296116,0.4747636927391765,0.3139004978095649
mal,"[2.75,3.00)",1120,1120,0.1250327487283906,0.4543964598645291,0.3293637111361385
mar,"[1.00,1.25)",1480,1480,0.4609077976962087,0.4007088930439939,-0.0601989046522147
mar,"[1.25,1.50)",1480,1480,0.3595701573024911,0.3773152437066328,0.0177450864041416
mar,"[1.50,1.75)",1480,1480,0.2999379048826804,0.3637606913712739,0.0638227864885934
mar,"[1.75,2.00)",1480,1480,0.2606070784535038,0.3426737370937547,0.0820666586402508
mar,"[2.00,2.25)",1480,1480,0.2001254319922804,0.3480521456444904,0.14792671365221
mar,"[2.25,2.50)",1480,1480,0.202642327885679,0.3307359851546899,0.1280936572690108
mar,"[2.50,2.75)",1480,1480,0.1620286046137231,0.3314438052483768,0.1694152006346537
mar,"[2.75,3.00)",1430,1430,0.1353304164819245,0.3282660409250683,0.1929356244431438
hin,"[1.00,1.25)",1485,1485,0.3893076669261543,0.3881792733518859,-0.0011283935742684
hin,"[1.25,1.50)",1485,1485,0.376579126156443,0.3485017801094866,-0.0280773460469563
hin,"[1.50,1.75)",1485,1485,0.32045448173467,0.3314206337588309,0.0109661520241609
hin,"[1.75,2.00)",1485,1485,0.2879356454957182,0.3079692263464423,0.020033580850724
hin,"[2.00,2.25)",1485,1485,0.27879096943499,0.3104240046420191,0.031633035207029
hin,"[2.25,2.50)",1485,1485,0.2325448155064503,0.3054026466887995,0.0728578311823491
hin,"[2.50,2.75)",1485,1485,0.2559793903027468,0.3183657715739043,0.0623863812711575
hin,"[2.75,3.00)",1460,1460,0.2405081461085066,0.3211253998993998,0.0806172537908931
