held_out_lang,condition,n,rho_baseline_comet22,rho_lora,delta_rho
guj,native,1400,0.5903446816614872,0.4411690087471973,-0.1491756729142899
guj,romanised,1400,0.3414941673537723,0.2546039724871228,-0.0868901948666495
tam,native,1399,0.6285695902136684,0.483822251127929,-0.1447473390857394
tam,romanised,1399,0.2402955331048819,0.3597371996612258,0.1194416665563438
mal,native,1399,0.6505589931425154,0.4606625125205452,-0.1898964806219702
mal,romanised,1399,0.4599599229273267,0.3818515247276574,-0.0781083981996693
mar,native,1397,0.486622410989845,0.3834397650390383,-0.1031826459508066
mar,romanised,1397,0.2784444120377165,0.2547533895768273,-0.0236910224608891
hin,native,1400,0.4216116104971694,0.453651548423271,0.0320399379261016
hin,romanised,1400,0.2303456743366099,0.2047963376101711,-0.0255493367264388
