metric,lang,condition,spa,ci_lo,ci_hi,n_systems,n_sources_full,n_boot,n_perm
comet_22,guj,native,0.8612666666666666,0.8207266666666666,0.9294716666666667,6,189,1000,1000
bertscore,guj,native,0.829,0.7420633333333333,0.8809400000000001,6,189,1000,1000
bleu,guj,native,0.7774666666666666,0.6975333333333333,0.8401466666666666,6,189,1000,1000
chrf,guj,native,0.8044666666666667,0.7225933333333333,0.857935,6,189,1000,1000
ter,guj,native,0.7946666666666666,0.7177250000000001,0.8544766666666667,6,189,1000,1000
bleurt20,guj,native,0.8619333333333333,0.8009983333333334,0.8958683333333334,6,189,1000,1000
metricx24,guj,native,0.8781333333333333,0.81406,0.936555,6,189,1000,1000
cometkiwi22,guj,native,0.8664666666666667,0.802525,0.9335383333333334,6,189,1000,1000
cometkiwi23,guj,native,0.8701333333333333,0.8149266666666666,0.9240700000000001,6,189,1000,1000
comet_22,guj,romanised,0.7628666666666667,0.6862649999999999,0.87,6,189,1000,1000
bertscore,guj,romanised,0.8288,0.7338933333333333,0.8919383333333334,6,189,1000,1000
bleu,guj,romanised,0.7783333333333333,0.6945316666666667,0.8534483333333334,6,189,1000,1000
chrf,guj,romanised,0.8049333333333333,0.7154666666666667,0.8687366666666667,6,189,1000,1000
ter,guj,romanised,0.7948,0.714065,0.8645566666666666,6,189,1000,1000
bleurt20,guj,romanised,0.7780666666666667,0.6947916666666668,0.87587,6,189,1000,1000
metricx24,guj,romanised,0.8496666666666667,0.76297,0.9118716666666666,6,189,1000,1000
cometkiwi22,guj,romanised,0.5330666666666666,0.3220366666666667,0.743695,6,189,1000,1000
cometkiwi23,guj,romanised,0.7781333333333333,0.6649333333333333,0.8690716666666667,6,189,1000,1000
comet_22,tam,native,0.9109333333333334,0.8243566666666667,0.9598749999999999,6,186,1000,1000
bertscore,tam,native,0.7581333333333333,0.6730566666666666,0.8032183333333334,6,186,1000,1000
bleu,tam,native,0.7572,0.6667966666666666,0.7890116666666667,6,186,1000,1000
chrf,tam,native,0.23633333333333328,0.20692666666666665,0.32038666666666665,6,186,1000,1000
ter,tam,native,0.2915333333333334,0.23430500000000007,0.37473500000000004,6,186,1000,1000
bleurt20,tam,native,0.908,0.8218616666666666,0.96707,6,186,1000,1000
metricx24,tam,native,0.9326,0.8303016666666667,0.9691416666666666,6,186,1000,1000
cometkiwi22,tam,native,0.9221333333333334,0.8061333333333334,0.9626066666666667,6,186,1000,1000
cometkiwi23,tam,native,0.7834666666666666,0.6707900000000001,0.866415,6,186,1000,1000
comet_22,tam,romanised,0.7012666666666667,0.62026,0.7740133333333333,6,186,1000,1000
bertscore,tam,romanised,0.7353333333333334,0.6488633333333333,0.7820733333333334,6,186,1000,1000
bleu,tam,romanised,0.7636666666666666,0.6756633333333333,0.7926,6,186,1000,1000
chrf,tam,romanised,0.6906666666666668,0.6153633333333333,0.7584866666666666,6,186,1000,1000
ter,tam,romanised,0.7624666666666666,0.6794483333333333,0.7954,6,186,1000,1000
bleurt20,tam,romanised,0.7280666666666666,0.65125,0.7865483333333333,6,186,1000,1000
metricx24,tam,romanised,0.7369333333333333,0.6511250000000001,0.7862683333333333,6,186,1000,1000
cometkiwi22,tam,romanised,0.5836666666666667,0.43466666666666676,0.6935633333333333,6,186,1000,1000
cometkiwi23,tam,romanised,0.722,0.46610333333333337,0.8590766666666666,6,186,1000,1000
comet_22,mal,native,0.7224666666666666,0.6495983333333333,0.85115,6,187,1000,1000
bertscore,mal,native,0.8542666666666667,0.7910083333333332,0.9044783333333333,6,187,1000,1000
bleu,mal,native,0.8231333333333333,0.7624299999999999,0.8790899999999999,6,187,1000,1000
chrf,mal,native,0.8224666666666667,0.7703283333333333,0.8714099999999999,6,187,1000,1000
ter,mal,native,0.8288666666666666,0.7717983333333334,0.8864883333333334,6,187,1000,1000
bleurt20,mal,native,0.8234,0.7112483333333334,0.929805,6,187,1000,1000
metricx24,mal,native,0.8624,0.754125,0.9422783333333333,6,187,1000,1000
cometkiwi22,mal,native,0.8488,0.7393299999999999,0.9356516666666667,6,187,1000,1000
cometkiwi23,mal,native,0.7928000000000001,0.723955,0.9049550000000001,6,187,1000,1000
comet_22,mal,romanised,0.8406,0.7846599999999999,0.8984083333333333,6,187,1000,1000
bertscore,mal,romanised,0.8398,0.7774466666666666,0.8968666666666667,6,187,1000,1000
bleu,mal,romanised,0.8277333333333333,0.76933,0.88605,6,187,1000,1000
chrf,mal,romanised,0.8236,0.7694500000000001,0.878535,6,187,1000,1000
ter,mal,romanised,0.8453999999999999,0.7805833333333333,0.9023466666666666,6,187,1000,1000
bleurt20,mal,romanised,0.8343333333333334,0.7823316666666666,0.8930033333333334,6,187,1000,1000
metricx24,mal,romanised,0.8084666666666667,0.7442566666666667,0.8770016666666667,6,187,1000,1000
cometkiwi22,mal,romanised,0.11846666666666672,0.07365333333333332,0.25748833333333304,6,187,1000,1000
cometkiwi23,mal,romanised,0.5032666666666668,0.3943133333333333,0.6627166666666667,6,187,1000,1000
comet_22,mar,native,0.9036,0.7567900000000001,0.9509383333333333,6,186,1000,1000
bertscore,mar,native,0.5058666666666667,0.4347683333333332,0.6646783333333333,6,186,1000,1000
bleu,mar,native,0.5466666666666666,0.45536333333333345,0.7061566666666665,6,186,1000,1000
chrf,mar,native,0.5378,0.44693000000000005,0.6836749999999999,6,186,1000,1000
ter,mar,native,0.5311333333333332,0.4423283333333335,0.6900666666666666,6,186,1000,1000
bleurt20,mar,native,0.8976,0.7481833333333333,0.9508949999999999,6,186,1000,1000
metricx24,mar,native,0.8312666666666667,0.72313,0.9413383333333334,6,186,1000,1000
cometkiwi22,mar,native,0.8001333333333334,0.7037933333333333,0.9341366666666666,6,186,1000,1000
cometkiwi23,mar,native,0.8580666666666666,0.7520583333333334,0.95141,6,186,1000,1000
comet_22,mar,romanised,0.5424,0.46553,0.7048666666666666,6,186,1000,1000
bertscore,mar,romanised,0.5250666666666667,0.4459183333333333,0.7070916666666667,6,186,1000,1000
bleu,mar,romanised,0.5372666666666667,0.4539133333333334,0.7235733333333333,6,186,1000,1000
chrf,mar,romanised,0.5379333333333334,0.43872666666666665,0.694965,6,186,1000,1000
ter,mar,romanised,0.5102,0.4430283333333333,0.6787466666666667,6,186,1000,1000
bleurt20,mar,romanised,0.5370666666666667,0.4491266666666666,0.7097466666666666,6,186,1000,1000
metricx24,mar,romanised,0.6063333333333334,0.49726166666666677,0.767075,6,186,1000,1000
cometkiwi22,mar,romanised,0.5255333333333334,0.3249783333333333,0.7460233333333333,6,186,1000,1000
cometkiwi23,mar,romanised,0.6881333333333333,0.5620149999999999,0.8525400000000001,6,186,1000,1000
comet_22,hin,native,0.7216,0.6124516666666666,0.7736033333333334,6,189,1000,1000
bertscore,hin,native,0.5169333333333334,0.393805,0.6306683333333334,6,189,1000,1000
bleu,hin,native,0.5306,0.4500583333333334,0.6526666666666666,6,189,1000,1000
chrf,hin,native,0.5382666666666667,0.43788499999999997,0.64635,6,189,1000,1000
ter,hin,native,0.5900666666666667,0.4471166666666667,0.6940016666666665,6,189,1000,1000
bleurt20,hin,native,0.6685333333333334,0.5309450000000001,0.736405,6,189,1000,1000
metricx24,hin,native,0.7499333333333333,0.6291683333333333,0.7813366666666667,6,189,1000,1000
cometkiwi22,hin,native,0.7751333333333333,0.6689200000000001,0.8595433333333333,6,189,1000,1000
cometkiwi23,hin,native,0.75,0.6530400000000001,0.83642,6,189,1000,1000
comet_22,hin,romanised,0.6184000000000001,0.5170816666666668,0.7156783333333333,6,189,1000,1000
bertscore,hin,romanised,0.4863333333333333,0.38479499999999994,0.600955,6,189,1000,1000
bleu,hin,romanised,0.5254666666666666,0.43731833333333325,0.6365666666666667,6,189,1000,1000
chrf,hin,romanised,0.5218666666666667,0.41970666666666673,0.6338866666666668,6,189,1000,1000
ter,hin,romanised,0.5346,0.4157283333333333,0.6534783333333333,6,189,1000,1000
bleurt20,hin,romanised,0.5780000000000001,0.47988333333333333,0.68899,6,189,1000,1000
metricx24,hin,romanised,0.6749999999999999,0.5482566666666667,0.7413416666666667,6,189,1000,1000
cometkiwi22,hin,romanised,0.7159333333333333,0.570195,0.8264033333333334,6,189,1000,1000
cometkiwi23,hin,romanised,0.8528666666666667,0.6948916666666667,0.9056899999999999,6,189,1000,1000
