metric,lang,condition,acc_star_eq,epsilon,ci_lo,ci_hi,n_pairs,n_sources,n_boot
comet_22,guj,native,0.5938566552901023,0.17112493000000484,0.5684239982597622,0.6215332720952235,2930,253,1000
bertscore,guj,native,0.558703071672355,0.0046730000000110294,0.5347522584963935,0.5851868919610854,2930,253,1000
bleu,guj,native,0.5249146757679181,0.0,0.49833342049555135,0.555711397172465,2930,253,1000
chrf,guj,native,0.5610921501706485,0.0,0.5353598712780246,0.5856331307771311,2930,253,1000
ter,guj,native,0.4904436860068259,0.0,0.4618820914364491,0.5173779888624562,2930,253,1000
bleurt20,guj,native,0.5580204778156996,0.0006793737411499023,0.5320247332417082,0.5849158227388148,2930,253,1000
metricx24,guj,native,0.6102389078498294,0.003330528736114502,0.5873270559075063,0.6366099221200779,2930,253,1000
cometkiwi22,guj,native,0.6034129692832765,0.00010466575622558594,0.5796728906974138,0.6288901919495805,2930,253,1000
cometkiwi23,guj,native,0.5839590443686007,0.00016772747039794922,0.5572401798427536,0.6103889042412847,2930,253,1000
xcomet_xl,guj,native,0.6044776119402985,0.004937469959259033,0.5185185185185185,0.7013914800995025,134,77,1000
xcomet_xxl,guj,native,0.7089552238805971,0.0,0.6413448275862068,0.7956911673173768,134,77,1000
comet_22,guj,romanised,0.5194539249146758,0.011283159999990744,0.4953330929615583,0.5445983457451379,2930,253,1000
bertscore,guj,romanised,0.5464163822525597,0.05170106999999291,0.522041043981682,0.5719213627286772,2930,253,1000
bleu,guj,romanised,0.5232081911262798,0.0049000000000001265,0.49636598247919167,0.5507950334614646,2930,253,1000
chrf,guj,romanised,0.5559726962457338,0.0,0.528987365531152,0.5833738115261902,2930,253,1000
ter,guj,romanised,0.4948805460750853,2.0,0.4681899350035184,0.5227132546470538,2930,253,1000
bleurt20,guj,romanised,0.5017064846416383,0.00020325183868408203,0.4732056977263118,0.5286815971275339,2930,253,1000
metricx24,guj,romanised,0.5252559726962457,0.0022392272949147696,0.4986663978494624,0.5514146024914649,2930,253,1000
cometkiwi22,guj,romanised,0.4143344709897611,0.00019863247871393375,0.3854299262475466,0.44066349272809774,2930,253,1000
cometkiwi23,guj,romanised,0.4443686006825939,0.000568270683288602,0.41683500649178573,0.4713793317392819,2930,253,1000
xcomet_xl,guj,romanised,0.5,0.0009765625,0.4070721463926804,0.5958938129365872,134,77,1000
xcomet_xxl,guj,romanised,0.4626865671641791,0.00018310546875,0.3776048951048951,0.562066774804001,134,77,1000
comet_22,tam,native,0.6740994854202401,0.0027716200000043045,0.6487574173301314,0.6961210809167985,2915,253,1000
bertscore,tam,native,0.6401372212692967,0.0,0.6146666339235284,0.6663193000001774,2915,253,1000
bleu,tam,native,0.5787307032590051,0.0,0.5552117792387253,0.6022170092894259,2915,253,1000
chrf,tam,native,0.3108061749571184,0.0,0.28940647255696444,0.33212881337118955,2915,253,1000
ter,tam,native,0.3269296740994854,0.0,0.305835776460363,0.351827372330902,2915,253,1000
bleurt20,tam,native,0.6445969125214408,0.0,0.6226092617753624,0.6678715210072258,2915,253,1000
metricx24,tam,native,0.669982847341338,0.0,0.647055338723167,0.6933963583798132,2915,253,1000
cometkiwi22,tam,native,0.6487135506003431,3.618001937866211e-05,0.6240127371656714,0.6735717925354053,2915,253,1000
cometkiwi23,tam,native,0.6648370497427101,1.1920928955078125e-07,0.6389305347357429,0.6896562774633775,2915,253,1000
xcomet_xl,tam,native,0.697986577181208,0.011718749999999889,0.6170067035849607,0.7784820745900943,149,84,1000
xcomet_xxl,tam,native,0.7651006711409396,0.0078125,0.699408007094062,0.8275919159625486,149,84,1000
comet_22,tam,romanised,0.5910806174957118,1.7880000001468943e-05,0.5653350284905093,0.6167400160418777,2915,253,1000
bertscore,tam,romanised,0.6137221269296741,0.0,0.5888999370122091,0.6357172281983033,2915,253,1000
bleu,tam,romanised,0.5907375643224699,0.0,0.5677462604035797,0.6134121619592566,2915,253,1000
chrf,tam,romanised,0.6229845626072041,0.0,0.6002055642097068,0.6454454293277271,2915,253,1000
ter,tam,romanised,0.5152658662092624,0.0,0.48935935149366,0.5403360512625165,2915,253,1000
bleurt20,tam,romanised,0.5869639794168096,7.092952728271484e-05,0.5614012801312224,0.6139524755588036,2915,253,1000
metricx24,tam,romanised,0.5879931389365352,0.0,0.5632815723929705,0.6118884330937959,2915,253,1000
cometkiwi22,tam,romanised,0.47478559176672386,3.37064266204834e-05,0.45166454153699737,0.501193167074371,2915,253,1000
cometkiwi23,tam,romanised,0.4994854202401372,0.0,0.47321281253114056,0.5251321011701091,2915,253,1000
xcomet_xl,tam,romanised,0.5033557046979866,0.0,0.4107113292336802,0.6000337837837837,149,84,1000
xcomet_xxl,tam,romanised,0.4899328859060403,0.0,0.39859876965140123,0.5796201421582202,149,84,1000
comet_22,mal,native,0.6520547945205479,2.385000000515447e-05,0.6286173236238336,0.6733154966338665,2920,253,1000
bertscore,mal,native,0.6339041095890411,0.0,0.6099256217571468,0.6570345545551424,2920,253,1000
bleu,mal,native,0.5986301369863014,0.0,0.5725714778740701,0.6229644996913118,2920,253,1000
chrf,mal,native,0.6321917808219178,0.0,0.6079505692664378,0.6574765034358903,2920,253,1000
ter,mal,native,0.5458904109589041,0.0,0.518789105631211,0.5752232228537684,2920,253,1000
bleurt20,mal,native,0.6304794520547945,0.0,0.6075059179158177,0.6525784528035641,2920,253,1000
metricx24,mal,native,0.6623287671232877,0.0,0.6407243868417766,0.6860934877740288,2920,253,1000
cometkiwi22,mal,native,0.6551369863013699,0.0010091066360473633,0.6334599318987028,0.6771705506213326,2920,253,1000
cometkiwi23,mal,native,0.6688356164383562,5.960464477539063e-08,0.6484536770453982,0.6905283559769447,2920,253,1000
xcomet_xl,mal,native,0.6447368421052632,0.0,0.5687469362745098,0.7265151515151514,152,80,1000
xcomet_xxl,mal,native,0.6578947368421053,0.003906249999999889,0.5714285714285714,0.7482026965839915,152,80,1000
comet_22,mal,romanised,0.6136986301369863,0.0,0.5885585063729621,0.6394807078675689,2920,253,1000
bertscore,mal,romanised,0.6178082191780822,5.959999995752696e-06,0.5924822035036675,0.6414245238088663,2920,253,1000
bleu,mal,romanised,0.5972602739726027,0.0,0.5727609246414556,0.6241193465789794,2920,253,1000
chrf,mal,romanised,0.6273972602739726,0.0,0.6040084856651401,0.6508586660802046,2920,253,1000
ter,mal,romanised,0.563013698630137,0.0,0.537489515679947,0.5914402654229668,2920,253,1000
bleurt20,mal,romanised,0.6003424657534246,0.0,0.5744815514935415,0.6245584992106507,2920,253,1000
metricx24,mal,romanised,0.5938356164383561,0.000911712646484375,0.5676673303842112,0.6208068867878223,2920,253,1000
cometkiwi22,mal,romanised,0.4058219178082192,5.960464477539063e-08,0.3802142612921131,0.4319606013514451,2920,253,1000
cometkiwi23,mal,romanised,0.4886986301369863,0.0,0.4622924958996348,0.5161074191237188,2920,253,1000
xcomet_xl,mal,romanised,0.47368421052631576,0.0,0.39713970293055,0.5612991604065399,152,80,1000
xcomet_xxl,mal,romanised,0.5263157894736842,0.0,0.44153138528138525,0.6,152,80,1000
comet_22,mar,native,0.5783876500857633,0.0,0.5525215448530214,0.6061476190772569,2915,253,1000
bertscore,mar,native,0.5248713550600344,9.999999988963282e-06,0.4987833062659504,0.5528707865980573,2915,253,1000
bleu,mar,native,0.5118353344768439,0.0,0.48521874328760567,0.537430948800242,2915,253,1000
chrf,mar,native,0.5036020583190395,0.0,0.47736687494260616,0.5287979707143023,2915,253,1000
ter,mar,native,0.46895368782161234,2.22222223,0.4415178361822229,0.49575270125766085,2915,253,1000
bleurt20,mar,native,0.5540308747855918,0.0,0.5274500930255946,0.5801254822990802,2915,253,1000
metricx24,mar,native,0.5828473413379074,0.0,0.5534158773040944,0.6094580219247774,2915,253,1000
cometkiwi22,mar,native,0.5842195540308748,0.0,0.5588265542248934,0.6095289855072464,2915,253,1000
cometkiwi23,mar,native,0.5876500857632934,0.0,0.565213384829885,0.61105979257709,2915,253,1000
xcomet_xl,mar,native,0.5373134328358209,0.0,0.45253717220870504,0.6376217389110359,134,75,1000
xcomet_xxl,mar,native,0.7014925373134329,0.0,0.6287878787878788,0.7761408783421024,134,75,1000
comet_22,mar,romanised,0.527958833619211,0.0,0.5036293535574812,0.5530418798610122,2915,253,1000
bertscore,mar,romanised,0.5231560891938251,1.1929999999438223e-05,0.4988969512393695,0.5487915499635098,2915,253,1000
bleu,mar,romanised,0.5265866209262435,0.0,0.5016931527684552,0.5541299462449204,2915,253,1000
chrf,mar,romanised,0.5097770154373928,0.014300000000005753,0.4851652785191836,0.5348758481689349,2915,253,1000
ter,mar,romanised,0.46449399656946827,0.0,0.4364888973120291,0.49021681359906133,2915,253,1000
bleurt20,mar,romanised,0.5039451114922813,0.0,0.47546416931784197,0.5331673238052862,2915,253,1000
metricx24,mar,romanised,0.5132075471698113,0.0,0.486613230661277,0.5388655360699068,2915,253,1000
cometkiwi22,mar,romanised,0.4583190394511149,0.0,0.434311169349535,0.48285923656865204,2915,253,1000
cometkiwi23,mar,romanised,0.4981132075471698,0.00011875480413440359,0.4727699930870127,0.523989399783487,2915,253,1000
xcomet_xl,mar,romanised,0.5,0.0,0.4147827903091061,0.5826268115942028,134,75,1000
xcomet_xxl,mar,romanised,0.5746268656716418,0.0001220703125,0.49324324324324326,0.6666666666666666,134,75,1000
comet_22,hin,native,0.5559726962457338,5.960000009963551e-06,0.526678993399379,0.584303211030764,2930,253,1000
bertscore,hin,native,0.510580204778157,0.0,0.48413322804969433,0.5393069210727087,2930,253,1000
bleu,hin,native,0.4928327645051195,0.011293918999999875,0.4658740870146266,0.5187652807065387,2930,253,1000
chrf,hin,native,0.5040955631399318,0.004926990000001297,0.4767183374844334,0.5306281887755102,2930,253,1000
ter,hin,native,0.4665529010238908,0.0,0.44023436401033067,0.492286781798875,2930,253,1000
bleurt20,hin,native,0.542320819112628,0.0,0.5138478075515492,0.5684011291566679,2930,253,1000
metricx24,hin,native,0.5409556313993175,0.002439439296722412,0.5118155445974487,0.5681088095688585,2930,253,1000
cometkiwi22,hin,native,0.5692832764505119,0.000881195068359375,0.5477982919243196,0.5964876499849299,2930,253,1000
cometkiwi23,hin,native,0.5569965870307167,5.960464477539063e-08,0.5313543468338093,0.5848425007176394,2930,253,1000
xcomet_xl,hin,native,0.6194029850746269,0.00390625,0.5318620543891786,0.7197045454545454,134,77,1000
xcomet_xxl,hin,native,0.6716417910447762,0.00390625,0.588984489980754,0.7692307692307693,134,77,1000
comet_22,hin,romanised,0.49829351535836175,0.0,0.470814213715426,0.5251292222075616,2930,253,1000
bertscore,hin,romanised,0.5010238907849829,0.0,0.47359031567510335,0.5275192281659984,2930,253,1000
bleu,hin,romanised,0.4962457337883959,0.0018999999999991246,0.4687810573358772,0.5217740472221692,2930,253,1000
chrf,hin,romanised,0.49863481228668943,0.06150000000000233,0.47292933339550763,0.52479444488044,2930,253,1000
ter,hin,romanised,0.4686006825938567,0.22990000000000066,0.4425898832852405,0.49362419124116097,2930,253,1000
bleurt20,hin,romanised,0.48464163822525597,0.0,0.4583930520556551,0.5118259322859543,2930,253,1000
metricx24,hin,romanised,0.5078498293515359,0.0009946823120117188,0.48166946979585307,0.5372374153649113,2930,253,1000
cometkiwi22,hin,romanised,0.442320819112628,5.960464477539062e-07,0.41901271141849544,0.4700056782257073,2930,253,1000
cometkiwi23,hin,romanised,0.4883959044368601,0.00019043684005737305,0.46025859368308414,0.5148750000000001,2930,253,1000
xcomet_xl,hin,romanised,0.4701492537313433,0.0,0.3875843960990248,0.5573131480004557,134,77,1000
xcomet_xxl,hin,romanised,0.47761194029850745,0.0,0.3968253968253968,0.5563924933300994,134,77,1000
