metric,lower_is_better,rho_native_guj,n_native_guj,rho_native_tam,n_native_tam,rho_native_mal,n_native_mal,rho_native_mar,n_native_mar,rho_native_hin,n_native_hin,rho_romanised_guj,n_romanised_guj,rho_romanised_tam,n_romanised_tam,rho_romanised_mal,n_romanised_mal,rho_romanised_mar,n_romanised_mar,rho_romanised_hin,n_romanised_hin,pooled_rho_native,pooled_n_native,pooled_rho_romanised,pooled_n_romanised,native_rank,romanised_rank,degradation_pooled,rho_retained_pct
xCOMET-XXL,False,0.799440815615314,300,0.8161799396316867,300,0.7329666169352897,300,0.6157501669907793,300,0.6825301075262066,300,0.17393348619119417,300,0.17496076257805804,300,0.25203601640924017,300,0.2411076614969967,300,0.20606625861037725,300,0.734377213146297,1500,0.21784870159594608,1500,1,10,0.516528511550351,29.664414649062365
xCOMET-XL,False,0.6149183401721745,300,0.6126115002812333,300,0.668242444647867,300,0.5802714793144654,300,0.48576507725934986,300,0.18460879655591345,300,0.20047134927961466,300,0.19950111907749737,300,0.284174010033906,300,0.3081710097733379,300,0.6133245764132379,1500,0.23739186465945675,1500,2,7,0.3759327117537812,38.70574794959952
CometKiwi-22,False,0.6175281824337856,1400,0.6341552670040482,1399,0.6879459340226193,1399,0.5331348648551045,1397,0.5378356155188221,1400,0.1796108722091294,1400,0.1268294496369379,1399,0.07626917670735883,1399,0.11817096587231607,1397,0.21804188363212265,1400,0.5725551034821057,6995,0.23580212969400144,6995,3,8,0.33675297378810426,41.18418092161343
MetricX-24,True,0.6538980928301882,1400,0.6289437618603866,1399,0.6903471262072028,1399,0.5147013478545471,1397,0.377736749899139,1400,0.41120504105614475,1400,0.4380394948987811,1399,0.485077677349765,1399,0.3172868555366772,1397,0.3275550627615212,1400,0.530402781841463,6995,0.30975596018354135,6995,4,5,0.2206468216579216,58.40013868481693
CometKiwi-23,False,0.46532515736890123,1400,0.614375041378894,1399,0.7017881241680433,1399,0.5493244717719423,1397,0.5528575871913157,1400,0.2076396089936874,1400,0.16120802589536826,1399,0.22104427089887851,1399,0.1954749897906854,1397,0.3004239896133912,1400,0.5246886504784269,6995,0.22853605992100898,6995,5,9,0.29615259055741794,43.55650912452993
COMET-22,False,0.5903446816614872,1400,0.6285695902136684,1399,0.6505589931425153,1399,0.4866224109898451,1397,0.4216116104971693,1400,0.34149416735377236,1400,0.24029553310488194,1399,0.4599599229273266,1399,0.27844441203771647,1397,0.23034567433660996,1400,0.4829707235094857,6995,0.14845695182468688,6995,6,11,0.33451377168479884,30.738292115499448
BLEURT-20,False,0.5222295713465174,1400,0.5635089360189937,1399,0.5956111810928554,1399,0.44130245075929586,1397,0.38193542091087873,1400,0.3400584285840477,1400,0.3787358291470207,1399,0.44250845946358086,1399,0.2867196658653406,1397,0.294846893007209,1400,0.4715065243340295,6995,0.254410478430966,6995,7,6,0.21709604590306353,53.95693703078727
BERTScore,False,0.4381831470236517,1400,0.45869123255781113,1399,0.5664804202753494,1399,0.3537084258304741,1397,0.2735884181192493,1400,0.37542559807111664,1400,0.41178424274387526,1399,0.5289102508802956,1399,0.3130223673195156,1397,0.21410573426680587,1400,0.3974453923754001,6995,0.3149098203470135,6995,8,2,0.08253557202838663,79.2334812249052
BLEU,False,0.33913475453234493,1400,0.32020321819410175,1399,0.4703473346389259,1399,0.26089943704787943,1397,0.20188819525160404,1400,0.3397268776897767,1400,0.2860919357433489,1399,0.4088062746990245,1399,0.25554279249872053,1397,0.20404033299111177,1400,0.3160632301517417,6995,0.3127153228688008,6995,9,4,0.0033479072829408763,98.9407476215017
TER,True,0.3273394863348387,1400,-0.41019823009436657,1399,0.45106949627623044,1399,0.254758222050912,1397,0.2357150126978958,1400,0.3328030526884628,1400,0.3076725654836932,1399,0.46639570483410103,1399,0.25826860065221835,1397,0.21261128822700678,1400,0.10827600999352306,6995,0.31754739995881703,6995,10,1,-0.20927138996529399,293.2758604401957
chrF,False,0.40133123380675884,1400,-0.32059674266725113,1362,0.5421376723128195,1399,0.2919452844601746,1397,0.22418576225413195,1400,0.407348584113011,1400,0.407762192907166,1399,0.5491373255521758,1399,0.30742639080023904,1397,0.21743313914973142,1400,0.09696426200063914,6958,0.313726722661198,6995,11,3,-0.21676246066055888,323.54881704676933
