n_checked,n_mismatch,mismatch_rate,valid,tokeniser,lang
81,0,0.0,True,xlmr,guj
2178,0,0.0,True,xlmr,tam
710,15,0.0211267605633802,False,xlmr,mal
663,0,0.0,True,xlmr,mar
4749,82,0.0172667930090545,False,xlmr,hin
32671,63,0.0019283156315998,True,xlmr,san
2450,1,0.0004081632653061,True,xlmr,urd
1132,0,0.0,True,xlmr,snd
360,0,0.0,True,xlmr,bho
81,0,0.0,True,mbert,guj
2178,0,0.0,True,mbert,tam
710,15,0.0211267605633802,False,mbert,mal
663,0,0.0,True,mbert,mar
4749,82,0.0172667930090545,False,mbert,hin
32671,415,0.0127023966208564,False,mbert,san
2450,1,0.0004081632653061,True,mbert,urd
1132,625,0.5521201413427562,False,mbert,snd
360,0,0.0,True,mbert,bho
81,81,1.0,False,byt5,guj
2178,2172,0.9972451790633609,False,byt5,tam
710,709,0.9985915492957746,False,byt5,mal
663,663,1.0,False,byt5,mar
4749,4730,0.9959991577174142,False,byt5,hin
32671,27090,0.8291757215879526,False,byt5,san
2450,2440,0.9959183673469388,False,byt5,urd
1132,1132,1.0,False,byt5,snd
360,360,1.0,False,byt5,bho
81,81,1.0,False,gpt2,guj
2178,2172,0.9972451790633609,False,gpt2,tam
710,709,0.9985915492957746,False,gpt2,mal
663,663,1.0,False,gpt2,mar
4749,4730,0.9959991577174142,False,gpt2,hin
32671,18058,0.5527225980227113,False,gpt2,san
2450,2405,0.9816326530612244,False,gpt2,urd
1132,1000,0.8833922261484098,False,gpt2,snd
360,360,1.0,False,gpt2,bho
81,0,0.0,True,mt5,guj
2178,0,0.0,True,mt5,tam
710,15,0.0211267605633802,False,mt5,mal
663,0,0.0,True,mt5,mar
4749,82,0.0172667930090545,False,mt5,hin
32671,43,0.0013161519390284,True,mt5,san
2450,1,0.0004081632653061,True,mt5,urd
1132,0,0.0,True,mt5,snd
360,0,0.0,True,mt5,bho
81,0,0.0,True,rembert,guj
2178,0,0.0,True,rembert,tam
710,15,0.0211267605633802,False,rembert,mal
663,0,0.0,True,rembert,mar
4749,82,0.0172667930090545,False,rembert,hin
32671,63,0.0019283156315998,True,rembert,san
2450,1,0.0004081632653061,True,rembert,urd
1132,0,0.0,True,rembert,snd
360,0,0.0,True,rembert,bho
81,81,1.0,False,nllb,guj
2178,2178,1.0,False,nllb,tam
710,710,1.0,False,nllb,mal
663,663,1.0,False,nllb,mar
4749,4749,1.0,False,nllb,hin
32671,32671,1.0,False,nllb,san
2450,2450,1.0,False,nllb,urd
1132,1132,1.0,False,nllb,snd
360,360,1.0,False,nllb,bho
81,77,0.9506172839506172,False,indicbert,guj
2178,2170,0.9963269054178144,False,indicbert,tam
710,709,0.9985915492957746,False,indicbert,mal
663,650,0.9803921568627452,False,indicbert,mar
4749,4623,0.9734680985470624,False,indicbert,hin
32671,27090,0.8291757215879526,False,indicbert,san
2450,2292,0.9355102040816328,False,indicbert,urd
1132,984,0.8692579505300353,False,indicbert,snd
360,344,0.9555555555555556,False,indicbert,bho
81,81,1.0,False,llama31,guj
2178,2172,0.9972451790633609,False,llama31,tam
710,709,0.9985915492957746,False,llama31,mal
663,77,0.1161387631975867,False,llama31,mar
4749,61,0.0128448094335649,False,llama31,hin
32671,16405,0.5021272688316856,False,llama31,san
2450,1589,0.6485714285714286,False,llama31,urd
1132,625,0.5521201413427562,False,llama31,snd
360,8,0.0222222222222222,False,llama31,bho
81,80,0.9876543209876544,False,qwen3,guj
2178,2091,0.9600550964187328,False,qwen3,tam
710,708,0.9971830985915492,False,qwen3,mal
663,517,0.779788838612368,False,qwen3,mar
4749,3724,0.7841650873868182,False,qwen3,hin
32671,0,0.0,True,qwen3,san
2450,32,0.0130612244897959,False,qwen3,urd
1132,338,0.2985865724381625,False,qwen3,snd
360,219,0.6083333333333333,False,qwen3,bho
81,0,0.0,True,gemma2,guj
2178,0,0.0,True,gemma2,tam
710,0,0.0,True,gemma2,mal
663,0,0.0,True,gemma2,mar
4749,0,0.0,True,gemma2,hin
32671,43,0.0013161519390284,True,gemma2,san
2450,0,0.0,True,gemma2,urd
1132,0,0.0,True,gemma2,snd
360,0,0.0,True,gemma2,bho
