mu_an,lambda,folds,gain,cost,n_eval_rows
0.5,0.25,5,0.19380040780655866,-0.004073813686336913,2000
0.5,0.5,5,0.28724772865290504,0.0014025666911377521,2000
0.5,0.75,5,0.31134261100981403,0.017981350969327337,2000
0.5,1.0,5,0.2986566891096685,0.054177206226784146,2000
1.0,0.25,5,0.19583540003583574,-0.0019246401740902308,2000
1.0,0.5,5,0.27735129465677477,0.0031861370207623696,2000
1.0,0.75,5,0.29724246192237486,0.01662050601131284,2000
1.0,1.0,5,0.2829059224957113,0.05212467887244121,2000
2.0,0.25,5,0.19626899967768646,-0.0027429173342328863,2000
2.0,0.5,5,0.2865807959365159,-0.0012563189503148942,2000
2.0,0.75,5,0.30194447545098324,0.012906505515175392,2000
2.0,1.0,5,0.3008713990381404,0.045211839940286526,2000
