outer_held_out,inner_val,lambda,gain,cost
guj,tam,0.25,0.21467819100486307,0.0010095045096165656
guj,tam,0.5,0.3435760831764656,0.008574894040912828
guj,tam,0.75,0.3584949867018842,0.022132366857633978
guj,tam,1.0,0.3412503403368024,0.05442638570085534
guj,mal,0.25,0.2072219030405053,-1.3789183818335715e-05
guj,mal,0.5,0.3141686948662823,0.00443132754808484
guj,mal,0.75,0.3625990308359298,0.017799789610442485
guj,mal,1.0,0.3736804454519103,0.05639722017234816
guj,mar,0.25,0.1127100953594663,-0.004894335443379083
guj,mar,0.5,0.1754481864712085,0.002364213083213329
guj,mar,0.75,0.2020524229987419,0.024732634523454422
guj,mar,1.0,0.16633075220321716,0.06357160257368782
guj,hin,0.25,0.09049691487878009,-0.0036073511692061855
guj,hin,0.5,0.09652601044268161,-0.003811373324326184
guj,hin,0.75,0.05490579857682587,0.003538967378006075
guj,hin,1.0,0.01461380953220176,0.0326666227230521
tam,guj,0.25,0.23141022624286522,-0.002412977640209535
tam,guj,0.5,0.3438314835134614,0.0020584332483669643
tam,guj,0.75,0.3794105085580408,0.014339510492120566
tam,guj,1.0,0.367819974607094,0.043692364757418445
tam,mal,0.25,0.19165338017396072,-0.0005280364145567873
tam,mal,0.5,0.2824645455643679,0.004168474418374202
tam,mal,0.75,0.3506001130721469,0.01039336061706353
tam,mal,1.0,0.38306394137298355,0.04376961518109557
tam,mar,0.25,0.1398596064597958,-0.006652052242457185
tam,mar,0.5,0.22737790094594798,-0.006460689484097171
tam,mar,0.75,0.2387387718924717,0.004376181490690412
tam,mar,1.0,0.22103527475731596,0.02170664377743642
tam,hin,0.25,0.10488911022624037,-0.003363846060997322
tam,hin,0.5,0.13940467053099187,-0.004740487896202683
tam,hin,0.75,0.1407841282503406,-0.002475708888293293
tam,hin,1.0,0.10164710369183588,0.014075422500483714
mal,guj,0.25,0.237434295505478,0.0013043990452598075
mal,guj,0.5,0.3414684624137466,0.013431617952138208
mal,guj,0.75,0.369050709776041,0.03656577394244043
mal,guj,1.0,0.3677560006549998,0.0762607839447067
mal,tam,0.25,0.1682770784316751,0.0037411880596568414
mal,tam,0.5,0.2766855409215195,0.011516052915911401
mal,tam,0.75,0.30904756077018997,0.029987118276710634
mal,tam,1.0,0.2857976479707376,0.07921579732958872
mal,mar,0.25,0.12017579586938201,-0.006699144108511357
mal,mar,0.5,0.19077198200054826,-0.00159199261942089
mal,mar,0.75,0.2034955658392442,0.021123844770892408
mal,mar,1.0,0.1900589587923022,0.060926794355195435
mal,hin,0.25,0.10457207206516117,-0.0028576390863757073
mal,hin,0.5,0.1328633572576104,-0.007184221934089907
mal,hin,0.75,0.12427091278970681,-0.009568591226165213
mal,hin,1.0,0.11001000629139657,-0.005068762665790094
mar,guj,0.25,0.1836134434134094,-0.0026853336793125626
mar,guj,0.5,0.310478084045825,0.0052397129330595815
mar,guj,0.75,0.3826683817716588,0.03208921347550353
mar,guj,1.0,0.4079094836897655,0.07443654690017276
mar,tam,0.25,0.1951572392465833,-0.00688417392560281
mar,tam,0.5,0.3264421153161356,-0.010771480371519648
mar,tam,0.75,0.3728571046744988,0.0011685132966209322
mar,tam,1.0,0.3574723965272368,0.04687660212992395
mar,mal,0.25,0.1852454191628909,-0.0022729203171305556
mar,mal,0.5,0.2555757110981164,0.0047499271035799095
mar,mal,0.75,0.2960543881199941,0.029195295496737605
mar,mal,1.0,0.311703101942393,0.08843350851758014
mar,hin,0.25,0.054017486438830975,-0.004985994046337094
mar,hin,0.5,0.09663818011856656,-0.012762157646988292
mar,hin,0.75,0.1012793958690949,-0.014884674138522291
mar,hin,1.0,0.09298988192938457,-0.011393183840183785
hin,guj,0.25,0.21318581268457049,0.003111965801560035
hin,guj,0.5,0.3104322715066767,0.016338866484176484
hin,guj,0.75,0.3311452858799374,0.049762124534464935
hin,guj,1.0,0.3301414359963425,0.09677131360473523
hin,tam,0.25,0.194225023648338,5.460348803953963e-05
hin,tam,0.5,0.3356037060516861,0.008502280874179813
hin,tam,0.75,0.3514281927520404,0.03373316717278252
hin,tam,1.0,0.3240201639217983,0.08139412287706471
hin,mal,0.25,0.21835195737059343,-0.003969671106105244
hin,mal,0.5,0.3213421070529851,0.004887421746645915
hin,mal,0.75,0.3622195001033008,0.027411295514436218
hin,mal,1.0,0.3727511219733292,0.061147067267633526
hin,mar,0.25,0.09649485300862778,0.0006712173470633243
hin,mar,0.5,0.14785609807479358,0.003670822082509906
hin,mar,0.75,0.1460948824230575,0.02171048620094085
hin,mar,1.0,0.1255047371139977,0.06357982005914925
