corpus,labels,setting,rho,ci_lo,ci_hi,excl0,n_segments,share_rho_ge0,rho_3dp
IndicMT Eval,MQM,GUJ,-1.0,-1.0,-0.833,True,293,0.0,-1.0
IndicMT Eval,MQM,TAM,-1.0,-1.0,-0.976,True,298,0.0,-1.0
IndicMT Eval,MQM,MAL,-1.0,-1.0,-0.976,True,234,0.0,-1.0
IndicMT Eval,MQM,MAR,-0.976,-1.0,-0.929,True,296,0.0,-0.976
IndicMT Eval,MQM,HIN,-0.929,-1.0,-0.368,True,297,0.0033333333333333335,-0.929
WMT24,MQM,SPA,-0.952,-1.0,-0.31,True,202,0.013333333333333334,-0.952
WMT24,MQM,DEU,-0.595,-0.976,0.81,False,194,0.22333333333333333,-0.595
WMT24,ESA,en-cs,-1.0,-1.0,-0.952,True,500,0.0,-1.0
WMT24,ESA,en-uk,-1.0,-1.0,-0.738,True,546,0.0,-1.0
WMT24,ESA,en-ru,-0.976,-1.0,-0.929,True,538,0.0,-0.976
WMT24,ESA,en-is,-0.952,-1.0,-0.881,True,529,0.0,-0.952
WMT24,ESA,en-hi,-0.929,-1.0,-0.833,True,539,0.0,-0.929
WMT25,ESA,en-cs_CZ,-1.0,-1.0,-0.786,True,82,0.0,-1.0
WMT25,ESA,en-is_IS,-0.976,-1.0,-0.857,True,101,0.0,-0.976
WMT25,ESA,en-bho_IN,-0.929,-1.0,-0.64,True,81,0.0,-0.929
WMT25,ESA,en-uk_UA,-0.905,-0.976,0.084,False,90,0.03333333333333333,-0.905
WMT25,ESA,en-ar_EG,-0.905,-0.929,-0.81,True,104,0.0,-0.905
WMT25,ESA,en-ru_RU,-0.905,-0.989,-0.31,True,101,0.013333333333333334,-0.905
WMT25,ESA,en-et_EE,-0.714,-0.929,-0.381,True,97,0.0,-0.714
WMT25,ESA,en-it_IT,-0.881,-0.976,-0.059,True,111,0.02,-0.881
WMT25 CJK,ESA,en-ja_JP,-1.0,-1.0,-0.886,True,117,0.0,-1.0
WMT25 CJK,ESA,en-zh_CN,0.029,-1.0,0.486,False,154,0.4033333333333333,0.029
WMT25 CJK,MQM,en-ko_KR,0.886,-0.829,1.0,False,68,0.7833333333333333,0.886
