metric,lang,scheme,n_systems,n_pairs,n_flips,flipped_pairs
comet_22,guj,raw,6,15,3,IndicTrans_Samanantar>NLLB;IndicTrans_Samanantar>google_api;NLLB>google_api
comet_22,guj,qn,6,15,3,IndicTrans_Samanantar>NLLB;IndicTrans_Samanantar>google_api;NLLB>google_api
comet_22,tam,raw,6,15,2,IndicTrans_Samanantar>bing_api;mT5>cvit_iiith
comet_22,tam,qn,6,15,3,IndicTrans_Samanantar>bing_api;NLLB>google_api;mT5>cvit_iiith
comet_22,mal,raw,6,15,3,IndicTrans_Samanantar>bing_api;NLLB>bing_api;NLLB>google_api
comet_22,mal,qn,6,15,3,IndicTrans_Samanantar>bing_api;NLLB>bing_api;NLLB>google_api
comet_22,mar,raw,6,15,8,IndicTrans_Samanantar>bing_api;IndicTrans_Samanantar>cvit_iiith;IndicTrans_Samanantar>google_api;NLLB>bing_api;NLLB>cvit_iiith;NLLB>google_api;bing_api>google_api;cvit_iiith>google_api
comet_22,mar,qn,6,15,8,IndicTrans_Samanantar>bing_api;IndicTrans_Samanantar>cvit_iiith;IndicTrans_Samanantar>google_api;NLLB>bing_api;NLLB>cvit_iiith;NLLB>google_api;bing_api>google_api;cvit_iiith>google_api
comet_22,hin,raw,6,15,2,IndicTrans_Samanantar>google_api;cvit_iiith>bing_api
comet_22,hin,qn,6,15,1,cvit_iiith>bing_api
bertscore,guj,raw,6,15,0,
bertscore,guj,qn,6,15,0,
bertscore,tam,raw,6,15,1,NLLB>bing_api
bertscore,tam,qn,6,15,1,NLLB>bing_api
bertscore,mal,raw,6,15,1,IndicTrans_Samanantar>NLLB
bertscore,mal,qn,6,15,1,IndicTrans_Samanantar>NLLB
bertscore,mar,raw,6,15,0,
bertscore,mar,qn,6,15,1,google_api>cvit_iiith
bertscore,hin,raw,6,15,1,IndicTrans_Samanantar>bing_api
bertscore,hin,qn,6,15,1,IndicTrans_Samanantar>bing_api
bleu,guj,raw,6,15,0,
bleu,guj,qn,6,15,0,
bleu,tam,raw,6,15,0,
bleu,tam,qn,6,15,0,
bleu,mal,raw,6,15,0,
bleu,mal,qn,6,15,0,
bleu,mar,raw,6,15,0,
bleu,mar,qn,6,15,0,
bleu,hin,raw,6,15,0,
bleu,hin,qn,6,15,0,
chrf,guj,raw,6,15,1,google_api>NLLB
chrf,guj,qn,6,15,0,
chrf,tam,raw,6,15,14,IndicTrans_Samanantar>NLLB;IndicTrans_Samanantar>bing_api;cvit_iiith>IndicTrans_Samanantar;IndicTrans_Samanantar>google_api;mT5>IndicTrans_Samanantar;cvit_iiith>NLLB;NLLB>google_api;mT5>NLLB;cvit_iiith>bing_api;bing_api>google_api;mT5>bing_api;cvit_iiith>google_api;cvit_iiith>mT5;mT5>google_api
chrf,tam,qn,6,15,14,IndicTrans_Samanantar>NLLB;IndicTrans_Samanantar>bing_api;cvit_iiith>IndicTrans_Samanantar;IndicTrans_Samanantar>google_api;mT5>IndicTrans_Samanantar;cvit_iiith>NLLB;NLLB>google_api;mT5>NLLB;cvit_iiith>bing_api;bing_api>google_api;mT5>bing_api;cvit_iiith>google_api;cvit_iiith>mT5;mT5>google_api
chrf,mal,raw,6,15,0,
chrf,mal,qn,6,15,0,
chrf,mar,raw,6,15,0,
chrf,mar,qn,6,15,0,
chrf,hin,raw,6,15,0,
chrf,hin,qn,6,15,0,
ter,guj,raw,6,15,0,
ter,guj,qn,6,15,1,google_api>NLLB
ter,tam,raw,6,15,14,IndicTrans_Samanantar>NLLB;IndicTrans_Samanantar>bing_api;cvit_iiith>IndicTrans_Samanantar;IndicTrans_Samanantar>google_api;mT5>IndicTrans_Samanantar;cvit_iiith>NLLB;NLLB>google_api;mT5>NLLB;cvit_iiith>bing_api;bing_api>google_api;mT5>bing_api;cvit_iiith>google_api;cvit_iiith>mT5;mT5>google_api
ter,tam,qn,6,15,14,IndicTrans_Samanantar>NLLB;IndicTrans_Samanantar>bing_api;cvit_iiith>IndicTrans_Samanantar;IndicTrans_Samanantar>google_api;mT5>IndicTrans_Samanantar;cvit_iiith>NLLB;NLLB>google_api;mT5>NLLB;cvit_iiith>bing_api;bing_api>google_api;mT5>bing_api;cvit_iiith>google_api;cvit_iiith>mT5;mT5>google_api
ter,mal,raw,6,15,0,
ter,mal,qn,6,15,0,
ter,mar,raw,6,15,0,
ter,mar,qn,6,15,0,
ter,hin,raw,6,15,0,
ter,hin,qn,6,15,1,mT5>bing_api
bleurt20,guj,raw,6,15,3,IndicTrans_Samanantar>NLLB;IndicTrans_Samanantar>google_api;NLLB>google_api
bleurt20,guj,qn,6,15,3,IndicTrans_Samanantar>NLLB;IndicTrans_Samanantar>google_api;NLLB>google_api
bleurt20,tam,raw,6,15,5,IndicTrans_Samanantar>NLLB;IndicTrans_Samanantar>bing_api;IndicTrans_Samanantar>google_api;NLLB>bing_api;NLLB>google_api
bleurt20,tam,qn,6,15,5,IndicTrans_Samanantar>NLLB;IndicTrans_Samanantar>bing_api;IndicTrans_Samanantar>google_api;NLLB>bing_api;NLLB>google_api
bleurt20,mal,raw,6,15,3,IndicTrans_Samanantar>bing_api;NLLB>bing_api;NLLB>google_api
bleurt20,mal,qn,6,15,2,NLLB>IndicTrans_Samanantar;NLLB>bing_api
bleurt20,mar,raw,6,15,8,IndicTrans_Samanantar>cvit_iiith;IndicTrans_Samanantar>google_api;NLLB>bing_api;NLLB>cvit_iiith;NLLB>google_api;bing_api>cvit_iiith;bing_api>google_api;cvit_iiith>google_api
bleurt20,mar,qn,6,15,5,IndicTrans_Samanantar>google_api;NLLB>bing_api;NLLB>cvit_iiith;NLLB>google_api;bing_api>cvit_iiith
bleurt20,hin,raw,6,15,3,IndicTrans_Samanantar>bing_api;IndicTrans_Samanantar>google_api;mT5>bing_api
bleurt20,hin,qn,6,15,3,IndicTrans_Samanantar>bing_api;google_api>bing_api;mT5>bing_api
metricx24,guj,raw,6,15,1,IndicTrans_Samanantar>google_api
metricx24,guj,qn,6,15,2,IndicTrans_Samanantar>google_api;mT5>cvit_iiith
metricx24,tam,raw,6,15,3,IndicTrans_Samanantar>bing_api;NLLB>bing_api;NLLB>google_api
metricx24,tam,qn,6,15,3,IndicTrans_Samanantar>bing_api;NLLB>bing_api;NLLB>google_api
metricx24,mal,raw,6,15,4,IndicTrans_Samanantar>google_api;NLLB>google_api;bing_api>google_api;mT5>cvit_iiith
metricx24,mal,qn,6,15,4,IndicTrans_Samanantar>google_api;NLLB>google_api;bing_api>google_api;mT5>cvit_iiith
metricx24,mar,raw,6,15,3,IndicTrans_Samanantar>google_api;NLLB>cvit_iiith;NLLB>google_api
metricx24,mar,qn,6,15,5,NLLB>IndicTrans_Samanantar;IndicTrans_Samanantar>google_api;NLLB>bing_api;NLLB>cvit_iiith;NLLB>google_api
metricx24,hin,raw,6,15,1,cvit_iiith>bing_api
metricx24,hin,qn,6,15,1,cvit_iiith>bing_api
cometkiwi22,guj,raw,6,15,9,IndicTrans_Samanantar>cvit_iiith;IndicTrans_Samanantar>google_api;IndicTrans_Samanantar>mT5;bing_api>NLLB;NLLB>mT5;bing_api>mT5;google_api>cvit_iiith;cvit_iiith>mT5;google_api>mT5
cometkiwi22,guj,qn,6,15,7,IndicTrans_Samanantar>cvit_iiith;IndicTrans_Samanantar>google_api;IndicTrans_Samanantar>mT5;NLLB>mT5;bing_api>mT5;cvit_iiith>mT5;google_api>mT5
cometkiwi22,tam,raw,6,15,7,google_api>IndicTrans_Samanantar;IndicTrans_Samanantar>mT5;NLLB>mT5;bing_api>cvit_iiith;bing_api>mT5;google_api>cvit_iiith;google_api>mT5
cometkiwi22,tam,qn,6,15,8,NLLB>IndicTrans_Samanantar;google_api>IndicTrans_Samanantar;IndicTrans_Samanantar>mT5;NLLB>mT5;bing_api>cvit_iiith;bing_api>mT5;google_api>cvit_iiith;google_api>mT5
cometkiwi22,mal,raw,6,15,11,bing_api>IndicTrans_Samanantar;IndicTrans_Samanantar>cvit_iiith;IndicTrans_Samanantar>mT5;bing_api>NLLB;NLLB>cvit_iiith;bing_api>cvit_iiith;bing_api>google_api;bing_api>mT5;google_api>cvit_iiith;mT5>cvit_iiith;google_api>mT5
cometkiwi22,mal,qn,6,15,12,bing_api>IndicTrans_Samanantar;IndicTrans_Samanantar>cvit_iiith;IndicTrans_Samanantar>google_api;IndicTrans_Samanantar>mT5;bing_api>NLLB;NLLB>cvit_iiith;bing_api>cvit_iiith;bing_api>google_api;bing_api>mT5;google_api>cvit_iiith;mT5>cvit_iiith;google_api>mT5
cometkiwi22,mar,raw,6,15,9,NLLB>IndicTrans_Samanantar;bing_api>IndicTrans_Samanantar;cvit_iiith>IndicTrans_Samanantar;cvit_iiith>NLLB;NLLB>mT5;cvit_iiith>bing_api;bing_api>mT5;cvit_iiith>mT5;google_api>mT5
cometkiwi22,mar,qn,6,15,10,NLLB>IndicTrans_Samanantar;bing_api>IndicTrans_Samanantar;cvit_iiith>IndicTrans_Samanantar;IndicTrans_Samanantar>mT5;cvit_iiith>NLLB;NLLB>mT5;cvit_iiith>bing_api;bing_api>mT5;cvit_iiith>mT5;google_api>mT5
cometkiwi22,hin,raw,6,15,6,NLLB>IndicTrans_Samanantar;NLLB>cvit_iiith;NLLB>google_api;NLLB>mT5;google_api>cvit_iiith;mT5>cvit_iiith
cometkiwi22,hin,qn,6,15,7,NLLB>IndicTrans_Samanantar;IndicTrans_Samanantar>cvit_iiith;NLLB>cvit_iiith;NLLB>google_api;NLLB>mT5;google_api>cvit_iiith;mT5>cvit_iiith
cometkiwi23,guj,raw,6,15,2,IndicTrans_Samanantar>google_api;bing_api>google_api
cometkiwi23,guj,qn,6,15,2,IndicTrans_Samanantar>google_api;bing_api>google_api
cometkiwi23,tam,raw,6,15,5,IndicTrans_Samanantar>cvit_iiith;NLLB>bing_api;NLLB>google_api;google_api>bing_api;mT5>cvit_iiith
cometkiwi23,tam,qn,6,15,4,NLLB>bing_api;NLLB>google_api;google_api>bing_api;mT5>cvit_iiith
cometkiwi23,mal,raw,6,15,6,IndicTrans_Samanantar>cvit_iiith;IndicTrans_Samanantar>google_api;bing_api>NLLB;bing_api>cvit_iiith;bing_api>google_api;google_api>cvit_iiith
cometkiwi23,mal,qn,6,15,5,IndicTrans_Samanantar>cvit_iiith;IndicTrans_Samanantar>google_api;bing_api>NLLB;bing_api>cvit_iiith;google_api>cvit_iiith
cometkiwi23,mar,raw,6,15,3,NLLB>IndicTrans_Samanantar;NLLB>bing_api;NLLB>cvit_iiith
cometkiwi23,mar,qn,6,15,3,NLLB>bing_api;NLLB>cvit_iiith;cvit_iiith>bing_api
cometkiwi23,hin,raw,6,15,3,NLLB>IndicTrans_Samanantar;google_api>IndicTrans_Samanantar;NLLB>google_api
cometkiwi23,hin,qn,6,15,2,NLLB>IndicTrans_Samanantar;NLLB>google_api
xcomet_xl,guj,raw,6,15,4,IndicTrans_Samanantar>mT5;NLLB>cvit_iiith;NLLB>google_api;NLLB>mT5
xcomet_xl,guj,qn,6,15,5,IndicTrans_Samanantar>mT5;NLLB>cvit_iiith;NLLB>google_api;NLLB>mT5;google_api>cvit_iiith
xcomet_xl,tam,raw,6,15,13,IndicTrans_Samanantar>NLLB;IndicTrans_Samanantar>bing_api;IndicTrans_Samanantar>cvit_iiith;IndicTrans_Samanantar>google_api;IndicTrans_Samanantar>mT5;NLLB>bing_api;NLLB>cvit_iiith;NLLB>google_api;google_api>bing_api;mT5>bing_api;google_api>cvit_iiith;mT5>cvit_iiith;mT5>google_api
xcomet_xl,tam,qn,6,15,10,IndicTrans_Samanantar>NLLB;IndicTrans_Samanantar>bing_api;IndicTrans_Samanantar>cvit_iiith;IndicTrans_Samanantar>google_api;NLLB>bing_api;NLLB>google_api;google_api>bing_api;mT5>bing_api;mT5>cvit_iiith;mT5>google_api
xcomet_xl,mal,raw,6,15,4,IndicTrans_Samanantar>NLLB;IndicTrans_Samanantar>bing_api;google_api>cvit_iiith;google_api>mT5
xcomet_xl,mal,qn,6,15,6,IndicTrans_Samanantar>NLLB;IndicTrans_Samanantar>bing_api;IndicTrans_Samanantar>cvit_iiith;google_api>cvit_iiith;mT5>cvit_iiith;google_api>mT5
xcomet_xl,mar,raw,6,15,7,IndicTrans_Samanantar>NLLB;IndicTrans_Samanantar>bing_api;IndicTrans_Samanantar>cvit_iiith;IndicTrans_Samanantar>google_api;bing_api>NLLB;bing_api>cvit_iiith;mT5>google_api
xcomet_xl,mar,qn,6,15,6,IndicTrans_Samanantar>NLLB;IndicTrans_Samanantar>bing_api;IndicTrans_Samanantar>cvit_iiith;IndicTrans_Samanantar>google_api;bing_api>cvit_iiith;mT5>google_api
xcomet_xl,hin,raw,6,15,4,IndicTrans_Samanantar>mT5;NLLB>mT5;cvit_iiith>bing_api;google_api>bing_api
xcomet_xl,hin,qn,6,15,3,IndicTrans_Samanantar>mT5;NLLB>mT5;cvit_iiith>bing_api
xcomet_xxl,guj,raw,6,15,6,IndicTrans_Samanantar>NLLB;IndicTrans_Samanantar>mT5;bing_api>NLLB;NLLB>mT5;bing_api>mT5;google_api>cvit_iiith
xcomet_xxl,guj,qn,6,15,8,IndicTrans_Samanantar>NLLB;IndicTrans_Samanantar>mT5;bing_api>NLLB;NLLB>mT5;bing_api>cvit_iiith;bing_api>google_api;bing_api>mT5;google_api>cvit_iiith
xcomet_xxl,tam,raw,6,15,5,IndicTrans_Samanantar>google_api;IndicTrans_Samanantar>mT5;NLLB>google_api;NLLB>mT5;mT5>google_api
xcomet_xxl,tam,qn,6,15,6,IndicTrans_Samanantar>bing_api;IndicTrans_Samanantar>cvit_iiith;IndicTrans_Samanantar>google_api;IndicTrans_Samanantar>mT5;NLLB>google_api;NLLB>mT5
xcomet_xxl,mal,raw,6,15,2,IndicTrans_Samanantar>google_api;NLLB>google_api
xcomet_xxl,mal,qn,6,15,5,IndicTrans_Samanantar>bing_api;IndicTrans_Samanantar>google_api;NLLB>google_api;NLLB>mT5;bing_api>google_api
xcomet_xxl,mar,raw,6,15,6,IndicTrans_Samanantar>bing_api;IndicTrans_Samanantar>cvit_iiith;NLLB>bing_api;NLLB>cvit_iiith;NLLB>google_api;NLLB>mT5
xcomet_xxl,mar,qn,6,15,6,IndicTrans_Samanantar>bing_api;IndicTrans_Samanantar>cvit_iiith;NLLB>bing_api;NLLB>google_api;NLLB>mT5;google_api>mT5
xcomet_xxl,hin,raw,6,15,4,IndicTrans_Samanantar>mT5;NLLB>mT5;bing_api>cvit_iiith;google_api>cvit_iiith
xcomet_xxl,hin,qn,6,15,3,IndicTrans_Samanantar>mT5;bing_api>cvit_iiith;google_api>cvit_iiith
