tokeniser,lang,condition,tcr,n_shared,n_segments,note
xlmr,guj,native,1.0,11833.0,1400.0,
xlmr,guj,romanised,1.0,15362.0,1400.0,
xlmr,tam,native,1.0,6528.0,1400.0,
xlmr,tam,romanised,1.0,9649.0,1400.0,
xlmr,mal,native,1.0,6352.0,1400.0,
xlmr,mal,romanised,1.0,9278.0,1400.0,
xlmr,mar,native,1.0,9099.0,1400.0,
xlmr,mar,romanised,1.0,12658.0,1400.0,
xlmr,hin,native,1.0,15441.0,1400.0,
xlmr,hin,romanised,1.0,17410.0,1400.0,
xlmr,ALL,pooled,1.0,113610.0,7000.0,
mbert,guj,native,1.0,11833.0,1400.0,
mbert,guj,romanised,1.0,15362.0,1400.0,
mbert,tam,native,1.0,6528.0,1400.0,
mbert,tam,romanised,1.0,9649.0,1400.0,
mbert,mal,native,1.0,6352.0,1400.0,
mbert,mal,romanised,1.0,9278.0,1400.0,
mbert,mar,native,1.0,9099.0,1400.0,
mbert,mar,romanised,1.0,12658.0,1400.0,
mbert,hin,native,1.0,15441.0,1400.0,
mbert,hin,romanised,1.0,17410.0,1400.0,
mbert,ALL,pooled,1.0,113610.0,7000.0,
mt5,guj,native,1.0,11833.0,1400.0,
mt5,guj,romanised,1.0,15362.0,1400.0,
mt5,tam,native,1.0,6528.0,1400.0,
mt5,tam,romanised,1.0,9649.0,1400.0,
mt5,mal,native,1.0,6352.0,1400.0,
mt5,mal,romanised,1.0,9278.0,1400.0,
mt5,mar,native,1.0,9099.0,1400.0,
mt5,mar,romanised,1.0,12658.0,1400.0,
mt5,hin,native,1.0,15441.0,1400.0,
mt5,hin,romanised,1.0,17410.0,1400.0,
mt5,ALL,pooled,1.0,113610.0,7000.0,
rembert,guj,native,0.9981739068360302,11833.0,1400.0,
rembert,guj,romanised,0.9996130952380952,15362.0,1400.0,
rembert,tam,native,0.996454987320372,6528.0,1400.0,
rembert,tam,romanised,0.998638928628199,9649.0,1400.0,
rembert,mal,native,0.9958937455579246,6352.0,1400.0,
rembert,mal,romanised,0.9982360853432282,9278.0,1400.0,
rembert,mar,native,0.998821245597182,9099.0,1400.0,
rembert,mar,romanised,0.998995554274724,12658.0,1400.0,
rembert,hin,native,0.999483231020012,15441.0,1400.0,
rembert,hin,romanised,1.0,17410.0,1400.0,
rembert,ALL,pooled,0.9987880087111688,113610.0,7000.0,
nllb,guj,native,1.0,11833.0,1400.0,
nllb,guj,romanised,1.0,15362.0,1400.0,
nllb,tam,native,0.9997534516765286,6528.0,1400.0,
nllb,tam,romanised,1.0,9649.0,1400.0,
nllb,mal,native,0.9992537313432835,6352.0,1400.0,
nllb,mal,romanised,1.0,9278.0,1400.0,
nllb,mar,native,1.0,9099.0,1400.0,
nllb,mar,romanised,1.0,12658.0,1400.0,
nllb,hin,native,1.0,15441.0,1400.0,
nllb,hin,romanised,1.0,17410.0,1400.0,
nllb,ALL,pooled,0.9999441090928344,113610.0,7000.0,
gpt2,guj,native,0.9973317623200636,11833.0,1400.0,
gpt2,guj,romanised,0.985578024505912,15362.0,1400.0,
gpt2,tam,native,0.9942782377878532,6528.0,1400.0,
gpt2,tam,romanised,0.966736278410702,9649.0,1400.0,
gpt2,mal,native,0.9921526027869312,6352.0,1400.0,
gpt2,mal,romanised,0.9548085205527432,9278.0,1400.0,
gpt2,mar,native,0.886007844573915,9099.0,1400.0,
gpt2,mar,romanised,0.9747893029586052,12658.0,1400.0,
gpt2,hin,native,0.9123143620921804,15441.0,1400.0,
gpt2,hin,romanised,0.9929529984432232,17410.0,1400.0,
gpt2,ALL,pooled,0.9655528208066014,113610.0,7000.0,
llama31,guj,native,0.9158565981574384,11833.0,1400.0,
llama31,guj,romanised,0.9860506226360732,15362.0,1400.0,
llama31,tam,native,0.8248824778356192,6528.0,1400.0,
llama31,tam,romanised,0.9680137553051316,9649.0,1400.0,
llama31,mal,native,0.8694903694003782,6352.0,1400.0,
llama31,mal,romanised,0.9585859455087395,9278.0,1400.0,
llama31,mar,native,0.8872056111445203,9099.0,1400.0,
llama31,mar,romanised,0.9758323917710684,12658.0,1400.0,
llama31,hin,native,0.9130050581547544,15441.0,1400.0,
llama31,hin,romanised,0.9933053231984192,17410.0,1400.0,
llama31,ALL,pooled,0.9413161571229468,113610.0,7000.0,
qwen3,guj,native,0.9158565981574384,11833.0,1400.0,
qwen3,guj,romanised,0.9860506226360732,15362.0,1400.0,
qwen3,tam,native,0.8248824778356192,6528.0,1400.0,
qwen3,tam,romanised,0.9680137553051316,9649.0,1400.0,
qwen3,mal,native,0.8694903694003782,6352.0,1400.0,
qwen3,mal,romanised,0.9585859455087395,9278.0,1400.0,
qwen3,mar,native,0.8872056111445203,9099.0,1400.0,
qwen3,mar,romanised,0.9758323917710684,12658.0,1400.0,
qwen3,hin,native,0.9130050581547544,15441.0,1400.0,
qwen3,hin,romanised,0.9933053231984192,17410.0,1400.0,
qwen3,ALL,pooled,0.9413161571229468,113610.0,7000.0,
gemma2,guj,native,0.9169074336763524,11833.0,1400.0,
gemma2,guj,romanised,0.9860506226360732,15362.0,1400.0,
gemma2,tam,native,0.8296992771605545,6528.0,1400.0,
gemma2,tam,romanised,0.9680137553051316,9649.0,1400.0,
gemma2,mal,native,0.8902787249088829,6352.0,1400.0,
gemma2,mal,romanised,0.9585859455087395,9278.0,1400.0,
gemma2,mar,native,0.8811350323735897,9099.0,1400.0,
gemma2,mar,romanised,0.9758323917710684,12658.0,1400.0,
gemma2,hin,native,0.9130050581547544,15441.0,1400.0,
gemma2,hin,romanised,0.9933053231984192,17410.0,1400.0,
gemma2,ALL,pooled,0.9423784759385596,113610.0,7000.0,
byt5,,,,,,"untestable: slow tokenizer, no offset_mapping support, tcr() raises by design"
indicbert,,,,,,untestable: ai4bharat/indic-bert gated/401 on HF Hub; staged vocab manifest (200K) does not match the one available ungated mirror (250K) -- not a valid substitute
