mu_sd,mu_an,held_out,lambda,gain,cost
0.5,0.5,guj,0.25,0.2887119754150213,-0.003386196720684187
0.5,0.5,guj,0.5,0.4284971776149708,0.008970742942211896
0.5,0.5,guj,0.75,0.4869070126145461,0.0324191551610471
0.5,0.5,guj,1.0,0.516794232447701,0.06106323322219742
0.5,0.5,tam,0.25,0.2306108381381227,-0.002340947038709129
0.5,0.5,tam,0.5,0.4205451984904267,0.00634214519865417
0.5,0.5,tam,0.75,0.49058066622958935,0.025979326229540467
0.5,0.5,tam,1.0,0.4685877766069408,0.05932754233801485
0.5,0.5,mal,0.25,0.18301861773655848,-0.0007117008320558504
0.5,0.5,mal,0.5,0.2688450641172931,0.005986520317379562
0.5,0.5,mal,0.75,0.2944182361931318,0.022454713914728308
0.5,0.5,mal,1.0,0.2905359325930416,0.07608662904151764
0.5,0.5,mar,0.25,0.14974495375296368,-0.006739623262188077
0.5,0.5,mar,0.5,0.1839724318111273,0.0009624101078687386
0.5,0.5,mar,0.75,0.1799549290555881,0.02711733518166104
0.5,0.5,mar,1.0,0.1285258098007566,0.07573768063192743
0.5,0.5,hin,0.25,0.11691565399012713,-0.007190600578047324
0.5,0.5,hin,0.5,0.13437877123070732,-0.015248985110425606
0.5,0.5,hin,0.75,0.10485221095621491,-0.01806377564034023
0.5,0.5,hin,1.0,0.08883969409990258,-0.001329054099736604
0.5,1.0,guj,0.25,0.28951603159853123,0.0011490611564685116
0.5,1.0,guj,0.5,0.4104466657279444,0.010927323434921643
0.5,1.0,guj,0.75,0.45082859583011664,0.025949520487057787
0.5,1.0,guj,1.0,0.4847493031232028,0.057602110417292796
0.5,1.0,tam,0.25,0.2274461887768495,-0.0023626273881731663
0.5,1.0,tam,0.5,0.37874381981324373,0.003216365331577098
0.5,1.0,tam,0.75,0.4249324658519586,0.013802092299362911
0.5,1.0,tam,1.0,0.42732884329802845,0.04079748461169519
0.5,1.0,mal,0.25,0.193037753490917,0.0012530955851675074
0.5,1.0,mal,0.5,0.2845616064536022,0.01276457745297821
0.5,1.0,mal,0.75,0.31886899202335,0.039915164565436645
0.5,1.0,mal,1.0,0.27739893084056877,0.11293184421308544
0.5,1.0,mar,0.25,0.15013004545088218,-0.00527471894155318
0.5,1.0,mar,0.5,0.1834528640595001,-0.0020086782223768807
0.5,1.0,mar,0.75,0.1995860397304833,0.01250708472915335
0.5,1.0,mar,1.0,0.15098276821003878,0.04560463644308793
0.5,1.0,hin,0.25,0.1190469808619988,-0.004388011282360826
0.5,1.0,hin,0.5,0.12955151722958322,-0.008968902893288222
0.5,1.0,hin,0.75,0.09199621617596562,-0.009071332024446488
0.5,1.0,hin,1.0,0.07406976700671772,0.003687318677044693
0.5,2.0,guj,0.25,0.2845015674347092,-0.003867378469759375
0.5,2.0,guj,0.5,0.4318508075928583,0.0006348270277811707
0.5,2.0,guj,0.75,0.47701693163608394,0.015892000915419646
0.5,2.0,guj,1.0,0.5087309428902207,0.04970772153721448
0.5,2.0,tam,0.25,0.2330941607283268,0.0010072794798893225
0.5,2.0,tam,0.5,0.39434277892478603,0.003046636400703906
0.5,2.0,tam,0.75,0.4402371194977368,0.01810152096260631
0.5,2.0,tam,1.0,0.4588006771964384,0.04359344771455698
0.5,2.0,mal,0.25,0.1750046277976311,-0.004603478818584361
0.5,2.0,mal,0.5,0.2808681821595304,-0.0029133314605740424
0.5,2.0,mal,0.75,0.321389968387045,0.018249343973440912
0.5,2.0,mal,1.0,0.33281736032241527,0.07961611226222931
0.5,2.0,mar,0.25,0.1719861693957179,-0.002834327023536587
0.5,2.0,mar,0.5,0.1748624718191065,-0.0007301520646963988
0.5,2.0,mar,0.75,0.14125040533689923,0.018486992507182998
0.5,2.0,mar,1.0,0.11074457600582058,0.05174956541620185
0.5,2.0,hin,0.25,0.11675847303204742,-0.00341668183917343
0.5,2.0,hin,0.5,0.15097973918629823,-0.006319574654789106
0.5,2.0,hin,0.75,0.1298279523971513,-0.006197330782772903
0.5,2.0,hin,1.0,0.09326343877580709,0.0013923527712300099
