mu_sd,mu_an,outer,inner,lambda,gain,cost
0.0,0.5,guj,tam,0.25,0.17931733811470507,0.002674913918073618
0.0,0.5,guj,tam,0.5,0.3110501900147056,0.013269113799793786
0.0,0.5,guj,tam,0.75,0.34894934016724116,0.035591052465452466
0.0,0.5,guj,tam,1.0,0.35105761049327877,0.08080150410232412
0.0,0.5,guj,mal,0.25,0.1688105485576269,-7.047367509405156e-05
0.0,0.5,guj,mal,0.5,0.2606559904262595,0.021431030624126768
0.0,0.5,guj,mal,0.75,0.3260988033020814,0.0656942035785335
0.0,0.5,guj,mal,1.0,0.2929339109473056,0.1433278934852199
0.0,0.5,guj,mar,0.25,0.1303402818977589,-0.006986139096751776
0.0,0.5,guj,mar,0.5,0.17789102109956048,0.004919072784703049
0.0,0.5,guj,mar,0.75,0.18332026907266288,0.03931148605465862
0.0,0.5,guj,mar,1.0,0.17005399413294262,0.07594999402554564
0.0,0.5,guj,hin,0.25,0.07976775380222267,-0.003552355727528711
0.0,0.5,guj,hin,0.5,0.07532985625218197,-0.003620278747916983
0.0,0.5,guj,hin,0.75,0.004050026000736173,0.017272086053232383
0.0,0.5,guj,hin,1.0,-0.0685522791244019,0.05146807887836791
0.0,0.5,tam,guj,0.25,0.1783540793378905,-0.0035378243625451278
0.0,0.5,tam,guj,0.5,0.3025906242015773,0.004489593422574822
0.0,0.5,tam,guj,0.75,0.33591924843608123,0.026973646705027
0.0,0.5,tam,guj,1.0,0.3274844742033172,0.06100034112650499
0.0,0.5,tam,mal,0.25,0.17777683927702542,0.004093722975891612
0.0,0.5,tam,mal,0.5,0.258837457201178,0.01671244621990986
0.0,0.5,tam,mal,0.75,0.2857372333759003,0.04635471920335432
0.0,0.5,tam,mal,1.0,0.2885674055454132,0.10790571382317182
0.0,0.5,tam,mar,0.25,0.1373785912780303,-0.005520066657180467
0.0,0.5,tam,mar,0.5,0.22097295246201956,0.0038399671107683386
0.0,0.5,tam,mar,0.75,0.2363638398238007,0.031115360612466614
0.0,0.5,tam,mar,1.0,0.20924747343993996,0.06528461092405002
0.0,0.5,tam,hin,0.25,0.08632675878863039,-0.0055434440488218995
0.0,0.5,tam,hin,0.5,0.13889046487961548,-0.011346474906403115
0.0,0.5,tam,hin,0.75,0.1503081331524821,-0.0024348050777764363
0.0,0.5,tam,hin,1.0,0.14036030412737327,0.024055119031202388
0.0,0.5,mal,guj,0.25,0.1915464513214995,0.008183027477557059
0.0,0.5,mal,guj,0.5,0.3172453359228221,0.03300931791909478
0.0,0.5,mal,guj,0.75,0.37066546566573483,0.06916367119123223
0.0,0.5,mal,guj,1.0,0.3586881354452448,0.10990659750396903
0.0,0.5,mal,tam,0.25,0.1625542863720454,0.004607143365594646
0.0,0.5,mal,tam,0.5,0.27282477685469636,0.020611651225621808
0.0,0.5,mal,tam,0.75,0.3010962509909375,0.04578303332977374
0.0,0.5,mal,tam,1.0,0.3016349055525751,0.09037919587677656
0.0,0.5,mal,mar,0.25,0.1056511021875575,-0.0005625299942191853
0.0,0.5,mal,mar,0.5,0.09910417114324988,0.012661859510589235
0.0,0.5,mal,mar,0.75,0.11983278337065897,0.06075470177964554
0.0,0.5,mal,mar,1.0,0.08850048867004878,0.12018703944978965
0.0,0.5,mal,hin,0.25,0.07909281751333591,-0.0027585884996422227
0.0,0.5,mal,hin,0.5,0.08542327599945587,-0.004565817859482124
0.0,0.5,mal,hin,0.75,0.05795316876214518,-0.004097698789483795
0.0,0.5,mal,hin,1.0,0.058722878672134105,0.011305195619048691
0.0,0.5,mar,guj,0.25,0.166583308392298,-0.0006168771235600667
0.0,0.5,mar,guj,0.5,0.2611001752335371,0.010272865558340283
0.0,0.5,mar,guj,0.75,0.324149507417272,0.04224213649342201
0.0,0.5,mar,guj,1.0,0.3195249196817273,0.09405849141078976
0.0,0.5,mar,tam,0.25,0.1995028721098276,-0.0014727154458714642
0.0,0.5,mar,tam,0.5,0.34796068481017,0.007465382319951086
0.0,0.5,mar,tam,0.75,0.4021738949672445,0.021225231570560554
0.0,0.5,mar,tam,1.0,0.389852619624743,0.05847782186658368
0.0,0.5,mar,mal,0.25,0.09295799661309789,0.0008610173081208261
0.0,0.5,mar,mal,0.5,0.22605301855282428,0.021772783933475037
0.0,0.5,mar,mal,0.75,0.23413759201648748,0.07389980123536288
0.0,0.5,mar,mal,1.0,0.2473191429488063,0.1349168695921582
0.0,0.5,mar,hin,0.25,0.07401489322481059,-0.0075419947170162205
0.0,0.5,mar,hin,0.5,0.0647081242673293,-0.019484925678063814
0.0,0.5,mar,hin,0.75,0.07983831784062889,-0.032819759190478304
0.0,0.5,mar,hin,1.0,0.09089536915078916,-0.019558321168968107
0.0,0.5,hin,guj,0.25,0.18457970397056842,0.008922409537957643
0.0,0.5,hin,guj,0.5,0.3017227044339261,0.029079914798187168
0.0,0.5,hin,guj,0.75,0.3406362055122275,0.0719528129381729
0.0,0.5,hin,guj,1.0,0.3077137898244741,0.10359538412382763
0.0,0.5,hin,tam,0.25,0.19090431011591097,0.0008728394947637996
0.0,0.5,hin,tam,0.5,0.3518701250442914,0.008179369305373996
0.0,0.5,hin,tam,0.75,0.3818704209007343,0.03460789058764613
0.0,0.5,hin,tam,1.0,0.36824686487062697,0.0970231298904014
0.0,0.5,hin,mal,0.25,0.1687222883219856,4.425937331953289e-05
0.0,0.5,hin,mal,0.5,0.2554825625171584,0.011808475632351323
0.0,0.5,hin,mal,0.75,0.2918371196726539,0.038806470713344754
0.0,0.5,hin,mal,1.0,0.2799212073661444,0.08491866836173445
0.0,0.5,hin,mar,0.25,0.0962401048513856,0.0007554280064487329
0.0,0.5,hin,mar,0.5,0.11276369051458879,0.013503571578499407
0.0,0.5,hin,mar,0.75,0.1168203503442882,0.03768517569130575
0.0,0.5,hin,mar,1.0,0.0994315063430711,0.08847178076762502
0.0,1.0,guj,tam,0.25,0.1756354426010276,0.004757964961354055
0.0,1.0,guj,tam,0.5,0.2794003008339009,0.016677738089250216
0.0,1.0,guj,tam,0.75,0.3118552228113582,0.041566101674587075
0.0,1.0,guj,tam,1.0,0.31371273735315,0.09147648148077603
0.0,1.0,guj,mal,0.25,0.16798684505399708,0.002274122742177309
0.0,1.0,guj,mal,0.5,0.2390903863820646,0.016532106256959334
0.0,1.0,guj,mal,0.75,0.3168758395847731,0.04843912655194438
0.0,1.0,guj,mal,1.0,0.3109161910056256,0.10401512807800761
0.0,1.0,guj,mar,0.25,0.1305855931073787,-0.006200369340091771
0.0,1.0,guj,mar,0.5,0.19114777461237317,-0.00023300342015825093
0.0,1.0,guj,mar,0.75,0.19629045072477588,0.03825548609874241
0.0,1.0,guj,mar,1.0,0.1379097804271859,0.11204792326388324
0.0,1.0,guj,hin,0.25,0.07762708049532058,-0.001437117581860936
0.0,1.0,guj,hin,0.5,0.08747066596322611,0.0014383505378222083
0.0,1.0,guj,hin,0.75,0.030406156221450598,0.016220660160935096
0.0,1.0,guj,hin,1.0,-0.04218160403771651,0.045809674338502915
0.0,1.0,tam,guj,0.25,0.1651093017504951,-0.0007173167774097156
0.0,1.0,tam,guj,0.5,0.279777796212437,0.010049985910943526
0.0,1.0,tam,guj,0.75,0.3277416871616522,0.03723232771134233
0.0,1.0,tam,guj,1.0,0.3344840353686389,0.08237622954220258
0.0,1.0,tam,mal,0.25,0.1639518910012399,0.00021977040111120782
0.0,1.0,tam,mal,0.5,0.24862043278122742,0.011400345381594512
0.0,1.0,tam,mal,0.75,0.2641204264025499,0.037997013883294906
0.0,1.0,tam,mal,1.0,0.2540216246481179,0.0897086334959688
0.0,1.0,tam,mar,0.25,0.1378517558708057,-0.0016030895013426916
0.0,1.0,tam,mar,0.5,0.21323774086586697,0.0038283299860134012
0.0,1.0,tam,mar,0.75,0.2102435521435778,0.016010616640078745
0.0,1.0,tam,mar,1.0,0.1873818522444923,0.051056131830102824
0.0,1.0,tam,hin,0.25,0.09177938658511331,-0.002529305108567692
0.0,1.0,tam,hin,0.5,0.1271327865312174,-0.008728478598527434
0.0,1.0,tam,hin,0.75,0.1522553213796617,-0.0017191633472015133
0.0,1.0,tam,hin,1.0,0.14946688569312538,0.01656888128469608
0.0,1.0,mal,guj,0.25,0.1617221028749678,0.00849084367631936
0.0,1.0,mal,guj,0.5,0.2768153488867343,0.028408673678986918
0.0,1.0,mal,guj,0.75,0.3326435310232343,0.06843280974634824
0.0,1.0,mal,guj,1.0,0.3488093398495884,0.11683259791853251
0.0,1.0,mal,tam,0.25,0.1650633997599555,0.005286969871831859
0.0,1.0,mal,tam,0.5,0.2823390596638334,0.010118591310835146
0.0,1.0,mal,tam,0.75,0.31536728116343876,0.034007483104141256
0.0,1.0,mal,tam,1.0,0.29030811063614587,0.10163176559485965
0.0,1.0,mal,mar,0.25,0.09374966995575479,-0.003212046202133778
0.0,1.0,mal,mar,0.5,0.0896843501308485,0.009216283868452135
0.0,1.0,mal,mar,0.75,0.12007328411238147,0.05966147480709755
0.0,1.0,mal,mar,1.0,0.1069902177865206,0.12203280518987053
0.0,1.0,mal,hin,0.25,0.09250803287079917,-0.0009921284708998002
0.0,1.0,mal,hin,0.5,0.1113363880399284,-0.0025614503362458296
0.0,1.0,mal,hin,0.75,0.09275793536171029,-0.0058872701389368065
0.0,1.0,mal,hin,1.0,0.09010762790289051,0.007980302448705512
0.0,1.0,mar,guj,0.25,0.1507853311144585,-0.0055777892855263245
0.0,1.0,mar,guj,0.5,0.2608171808904964,0.002140940184366169
0.0,1.0,mar,guj,0.75,0.3083036983127156,0.04611535779504283
0.0,1.0,mar,guj,1.0,0.298133661594822,0.14524562967864546
0.0,1.0,mar,tam,0.25,0.19567024835477587,0.0022263068559148502
0.0,1.0,mar,tam,0.5,0.3513033923654117,0.005833154727730383
0.0,1.0,mar,tam,0.75,0.3892477354242353,0.01967857083190505
0.0,1.0,mar,tam,1.0,0.3828883614334165,0.06045513416833703
0.0,1.0,mar,mal,0.25,0.09588491460930451,-0.0009349812009850078
0.0,1.0,mar,mal,0.5,0.2218719245539077,0.014771247281812894
0.0,1.0,mar,mal,0.75,0.2619331747192152,0.06634241544255559
0.0,1.0,mar,mal,1.0,0.2867457238406609,0.1340934917984985
0.0,1.0,mar,hin,0.25,0.03766116147380927,-0.0030687481362510205
0.0,1.0,mar,hin,0.5,-0.019018183088607005,-0.007130392704311428
0.0,1.0,mar,hin,0.75,0.021429401858443387,-0.021392789868096895
0.0,1.0,mar,hin,1.0,0.06436646734611101,-0.007754011068154487
0.0,1.0,hin,guj,0.25,0.1512830004690114,0.0052112249892276585
0.0,1.0,hin,guj,0.5,0.2891368069295348,0.017272703649507615
0.0,1.0,hin,guj,0.75,0.3211317530630571,0.043251747850615585
0.0,1.0,hin,guj,1.0,0.2962476983535983,0.0892409372842713
0.0,1.0,hin,tam,0.25,0.1966381091497756,0.0006868749393795781
0.0,1.0,hin,tam,0.5,0.3453035129129674,0.0025865329226890665
0.0,1.0,hin,tam,0.75,0.3865692178448168,0.023838266135404518
0.0,1.0,hin,tam,1.0,0.3740897453163828,0.07925873019867358
0.0,1.0,hin,mal,0.25,0.16203777452056012,-0.0006668949105425037
0.0,1.0,hin,mal,0.5,0.22862457543524112,0.014076594815072951
0.0,1.0,hin,mal,0.75,0.2847836535635946,0.060443592395561296
0.0,1.0,hin,mal,1.0,0.3045025018550822,0.14379706322014807
0.0,1.0,hin,mar,0.25,0.08633585240212518,-0.002186859321706869
0.0,1.0,hin,mar,0.5,0.0934936511863124,0.008840534359962127
0.0,1.0,hin,mar,0.75,0.09937549140592428,0.0401026794163164
0.0,1.0,hin,mar,1.0,0.12730814829065581,0.0918988240103073
0.0,2.0,guj,tam,0.25,0.1731143383812423,-0.0009218798684111906
0.0,2.0,guj,tam,0.5,0.2992246128324735,0.005194950866173165
0.0,2.0,guj,tam,0.75,0.32697841784536796,0.0368265720385309
0.0,2.0,guj,tam,1.0,0.3095094074331417,0.09780620800985496
0.0,2.0,guj,mal,0.25,0.1601198223230974,-0.002006952739802559
0.0,2.0,guj,mal,0.5,0.224193962285049,0.003890851717981869
0.0,2.0,guj,mal,0.75,0.2967899140382309,0.04309378144241649
0.0,2.0,guj,mal,1.0,0.2767025461188323,0.13406530857776555
0.0,2.0,guj,mar,0.25,0.11049957680300648,-0.004901548422470869
0.0,2.0,guj,mar,0.5,0.1519521341965859,-0.005354829106112291
0.0,2.0,guj,mar,0.75,0.15875229389227877,0.01368612938207675
0.0,2.0,guj,mar,1.0,0.15305177959010788,0.08386501413679381
0.0,2.0,guj,hin,0.25,0.08761378179486506,0.0011301823900514707
0.0,2.0,guj,hin,0.5,0.1000819836154031,0.0036009722759716145
0.0,2.0,guj,hin,0.75,0.0722053742246353,0.013585892809850786
0.0,2.0,guj,hin,1.0,0.05696401142056018,0.03920694003110048
0.0,2.0,tam,guj,0.25,0.1771092175223303,-0.004259729241092525
0.0,2.0,tam,guj,0.5,0.3100231868611086,0.0034671938657647727
0.0,2.0,tam,guj,0.75,0.3633326077348636,0.025989775487276212
0.0,2.0,tam,guj,1.0,0.3729068544867859,0.07254180984161473
0.0,2.0,tam,mal,0.25,0.1695872036262282,-0.0011909527576084988
0.0,2.0,tam,mal,0.5,0.2693230197368985,0.007523828270980082
0.0,2.0,tam,mal,0.75,0.29413254309719933,0.038341962683768105
0.0,2.0,tam,mal,1.0,0.278164711883985,0.08866634227391523
0.0,2.0,tam,mar,0.25,0.11924043125778946,-0.0009978326579804797
0.0,2.0,tam,mar,0.5,0.17712250216766637,0.003388634111375022
0.0,2.0,tam,mar,0.75,0.20800384679133319,0.02322019858482932
0.0,2.0,tam,mar,1.0,0.17981047339538,0.07392056262218744
0.0,2.0,tam,hin,0.25,0.0959779223601222,-0.0035369761025015878
0.0,2.0,tam,hin,0.5,0.1476735778613567,-0.010103843066547213
0.0,2.0,tam,hin,0.75,0.1683010966069527,-0.004634972125636017
0.0,2.0,tam,hin,1.0,0.15390172175634498,0.021370773969872303
0.0,2.0,mal,guj,0.25,0.19471765539445401,0.0064928401659636314
0.0,2.0,mal,guj,0.5,0.318232075338055,0.024691299110644827
0.0,2.0,mal,guj,0.75,0.3522055818426642,0.0684960777818856
0.0,2.0,mal,guj,1.0,0.3245973609744693,0.11416171834746264
0.0,2.0,mal,tam,0.25,0.17484481709841676,0.005896485667117646
0.0,2.0,mal,tam,0.5,0.30138994216447706,0.018786330317203448
0.0,2.0,mal,tam,0.75,0.3277864515568047,0.048169692482576076
0.0,2.0,mal,tam,1.0,0.3039081738697015,0.09584779926790088
0.0,2.0,mal,mar,0.25,0.09822946258560128,-0.004354045055141864
0.0,2.0,mal,mar,0.5,0.10200471198976938,0.002278844980906247
0.0,2.0,mal,mar,0.75,0.10823424706461338,0.042746174891301836
0.0,2.0,mal,mar,1.0,0.08388624324910199,0.10575627903883911
0.0,2.0,mal,hin,0.25,0.08038244173297088,-0.0003350237154169933
0.0,2.0,mal,hin,0.5,0.09671764351595946,-0.003989886534549125
0.0,2.0,mal,hin,0.75,0.0813693196388734,-0.0010272467154500142
0.0,2.0,mal,hin,1.0,0.04755470131679401,0.006220545310069492
0.0,2.0,mar,guj,0.25,0.1415444398913246,-0.0016402462548783525
0.0,2.0,mar,guj,0.5,0.2200730214548296,0.006685048821504114
0.0,2.0,mar,guj,0.75,0.3018023342641092,0.030702458523255483
0.0,2.0,mar,guj,1.0,0.3216458017311951,0.09624241597081623
0.0,2.0,mar,tam,0.25,0.1860793168930271,0.002785148005287952
0.0,2.0,mar,tam,0.5,0.3392722334815499,0.0032400584728724535
0.0,2.0,mar,tam,0.75,0.3960409937922258,0.015054118020911056
0.0,2.0,mar,tam,1.0,0.3929165357094387,0.06458143746855505
0.0,2.0,mar,mal,0.25,0.1076654988168064,0.0005049641467825827
0.0,2.0,mar,mal,0.5,0.22964547411334568,0.00935554815836992
0.0,2.0,mar,mal,0.75,0.2760492192190084,0.04110048324575177
0.0,2.0,mar,mal,1.0,0.3157735541470461,0.10585158998157851
0.0,2.0,mar,hin,0.25,0.0473886313450132,-0.002557415086417991
0.0,2.0,mar,hin,0.5,0.02579048995809191,-0.006073245617097711
0.0,2.0,mar,hin,0.75,0.07146793149759156,-0.015118554065833012
0.0,2.0,mar,hin,1.0,0.07909106634243096,-0.010820913132656096
0.0,2.0,hin,guj,0.25,0.1710493173940418,0.001021480304217226
0.0,2.0,hin,guj,0.5,0.289511672745914,0.009382529271942053
0.0,2.0,hin,guj,0.75,0.339479505613545,0.03345263881217875
0.0,2.0,hin,guj,1.0,0.3387691272579026,0.08511269020168999
0.0,2.0,hin,tam,0.25,0.1807448091625915,-0.0010554655598516982
0.0,2.0,hin,tam,0.5,0.3344994721111454,0.0008440328587767665
0.0,2.0,hin,tam,0.75,0.39126107813158717,0.02156047378067294
0.0,2.0,hin,tam,1.0,0.3697703974822867,0.08958774466572772
0.0,2.0,hin,mal,0.25,0.17758476853483068,0.00013029994594615513
0.0,2.0,hin,mal,0.5,0.2450868824623017,0.015009302492455356
0.0,2.0,hin,mal,0.75,0.3157136457419943,0.053919340208290145
0.0,2.0,hin,mal,1.0,0.2998704468792268,0.11836080389058012
0.0,2.0,hin,mar,0.25,0.08125357559975008,-0.0002829339672531517
0.0,2.0,hin,mar,0.5,0.11642578354021807,0.007743475034316827
0.0,2.0,hin,mar,0.75,0.11381335627541389,0.02676881701500511
0.0,2.0,hin,mar,1.0,0.08499086825890598,0.06337392407107162
0.5,0.5,guj,tam,0.25,0.20904484456586347,-0.0051867078913351294
0.5,0.5,guj,tam,0.5,0.3278198830513446,0.001378205103689134
0.5,0.5,guj,tam,0.75,0.35064113398282687,0.022558690991687724
0.5,0.5,guj,tam,1.0,0.3333133232476812,0.07464659514794825
0.5,0.5,guj,mal,0.25,0.20402897827696131,0.0002675064596954213
0.5,0.5,guj,mal,0.5,0.3141578807636572,0.010726123654155817
0.5,0.5,guj,mal,0.75,0.3551404851382935,0.025266793673430654
0.5,0.5,guj,mal,1.0,0.3569896566869996,0.051448320465301345
0.5,0.5,guj,mar,0.25,0.10588400276333138,-0.006417672987752865
0.5,0.5,guj,mar,0.5,0.19514168957832748,0.0018357917863178197
0.5,0.5,guj,mar,0.75,0.22554745128578488,0.026874667809447916
0.5,0.5,guj,mar,1.0,0.21003068084952328,0.06263178363192384
0.5,0.5,guj,hin,0.25,0.08432579522207351,-0.006243758122231213
0.5,0.5,guj,hin,0.5,0.107428655402529,-0.008545927731400726
0.5,0.5,guj,hin,0.75,0.07717073488777937,-0.0007624601627735927
0.5,0.5,guj,hin,1.0,0.052233326444051986,0.036933091040089905
0.5,0.5,tam,guj,0.25,0.1962479672854163,-0.0014713301901451148
0.5,0.5,tam,guj,0.5,0.3255399722304216,0.010079759158157953
0.5,0.5,tam,guj,0.75,0.3731082505366044,0.03031950141153139
0.5,0.5,tam,guj,1.0,0.3871591703426224,0.051920890008833265
0.5,0.5,tam,mal,0.25,0.19591880459862882,-0.002098643489068297
0.5,0.5,tam,mal,0.5,0.2977536913592086,0.003298403922364135
0.5,0.5,tam,mal,0.75,0.3617789223614385,0.013874423209541575
0.5,0.5,tam,mal,1.0,0.3715037776427978,0.050989606355840156
0.5,0.5,tam,mar,0.25,0.12023806345102808,-0.007321994191722803
0.5,0.5,tam,mar,0.5,0.21114814909243548,-0.004919667708198461
0.5,0.5,tam,mar,0.75,0.2266725556984797,0.018649877742924148
0.5,0.5,tam,mar,1.0,0.20793139151158976,0.05835782421362634
0.5,0.5,tam,hin,0.25,0.08288906769518517,-0.004839597184134403
0.5,0.5,tam,hin,0.5,0.10497609829532456,-0.0119155413239444
0.5,0.5,tam,hin,0.75,0.10979250744392216,-0.014296632282637223
0.5,0.5,tam,hin,1.0,0.11211016025053949,-0.003178035842020921
0.5,0.5,mal,guj,0.25,0.2204752978637366,0.007404930517468711
0.5,0.5,mal,guj,0.5,0.3278890026058114,0.019935512660464227
0.5,0.5,mal,guj,0.75,0.3600113354599619,0.04191774939627624
0.5,0.5,mal,guj,1.0,0.3796056298358396,0.07279847169645204
0.5,0.5,mal,tam,0.25,0.1795525845821287,0.0014825196864431955
0.5,0.5,mal,tam,0.5,0.2948732302583273,0.006755725984531558
0.5,0.5,mal,tam,0.75,0.32479379201129727,0.02661475102520261
0.5,0.5,mal,tam,1.0,0.3103824850989921,0.07581990151414464
0.5,0.5,mal,mar,0.25,0.10917412037735488,-0.005180515944359254
0.5,0.5,mal,mar,0.5,0.1748264163235109,0.004857433145239898
0.5,0.5,mal,mar,0.75,0.19152439011538566,0.033394969889583015
0.5,0.5,mal,mar,1.0,0.17515653307247867,0.08779193511417882
0.5,0.5,mal,hin,0.25,0.09129696207892318,-0.007169736120985537
0.5,0.5,mal,hin,0.5,0.12365454990772301,-0.016041473824348118
0.5,0.5,mal,hin,0.75,0.1159265204338758,-0.022396979446130227
0.5,0.5,mal,hin,1.0,0.11799391098667467,-0.01738213470794081
0.5,0.5,mar,guj,0.25,0.1958901867674595,-0.0012453719821922116
0.5,0.5,mar,guj,0.5,0.3190912771589895,0.008929332910033838
0.5,0.5,mar,guj,0.75,0.3697948116242727,0.03667719366153632
0.5,0.5,mar,guj,1.0,0.3743679688779943,0.07276839930475765
0.5,0.5,mar,tam,0.25,0.17980766833854428,-0.0071971867667305345
0.5,0.5,mar,tam,0.5,0.32213100420211266,-0.009110311978705266
0.5,0.5,mar,tam,0.75,0.36547611766880517,0.006070060330379823
0.5,0.5,mar,tam,1.0,0.3669768682689643,0.04203405308186314
0.5,0.5,mar,mal,0.25,0.1622926149799469,-1.5765849234128382e-05
0.5,0.5,mar,mal,0.5,0.23351616963916771,0.015614582667862642
0.5,0.5,mar,mal,0.75,0.2931069150468996,0.04149397677548172
0.5,0.5,mar,mal,1.0,0.3464548865917124,0.10232015813877349
0.5,0.5,mar,hin,0.25,0.0487850270004247,-0.007228478533831906
0.5,0.5,mar,hin,0.5,0.07991349885928528,-0.0180461746969956
0.5,0.5,mar,hin,0.75,0.08946836864307961,-0.023960183103977406
0.5,0.5,mar,hin,1.0,0.07737507270784288,-0.010768036098020184
0.5,0.5,hin,guj,0.25,0.1865009441056976,0.003407465172302726
0.5,0.5,hin,guj,0.5,0.3141369368004885,0.013775793599904662
0.5,0.5,hin,guj,0.75,0.3361523925192179,0.036798668160115455
0.5,0.5,hin,guj,1.0,0.3532504724204027,0.07563011223260818
0.5,0.5,hin,tam,0.25,0.19081086168976458,-2.7996449245559774e-05
0.5,0.5,hin,tam,0.5,0.3392381164092111,0.008643757979593714
0.5,0.5,hin,tam,0.75,0.3689947657498417,0.03703572431483382
0.5,0.5,hin,tam,1.0,0.3541451456453061,0.09391673736020145
0.5,0.5,hin,mal,0.25,0.2105818512875513,0.0011815896491944589
0.5,0.5,hin,mal,0.5,0.3198229195125021,0.014313447401057777
0.5,0.5,hin,mal,0.75,0.3554726879698596,0.039990169744944404
0.5,0.5,hin,mal,1.0,0.3564775993783381,0.07550092077767245
0.5,0.5,hin,mar,0.25,0.07573965499930008,0.00041208576317852685
0.5,0.5,hin,mar,0.5,0.12265410924923878,0.013078134499767524
0.5,0.5,hin,mar,0.75,0.14249871545403167,0.04129719680024191
0.5,0.5,hin,mar,1.0,0.14290960753028528,0.08672651153795002
0.5,1.0,guj,tam,0.25,0.21467819100486307,0.0010095045096165656
0.5,1.0,guj,tam,0.5,0.3435760831764656,0.008574894040912828
0.5,1.0,guj,tam,0.75,0.3584949867018842,0.022132366857633978
0.5,1.0,guj,tam,1.0,0.3412503403368024,0.05442638570085534
0.5,1.0,guj,mal,0.25,0.2072219030405053,-1.3789183818335715e-05
0.5,1.0,guj,mal,0.5,0.3141686948662823,0.00443132754808484
0.5,1.0,guj,mal,0.75,0.3625990308359298,0.017799789610442485
0.5,1.0,guj,mal,1.0,0.3736804454519103,0.05639722017234816
0.5,1.0,guj,mar,0.25,0.1127100953594663,-0.004894335443379083
0.5,1.0,guj,mar,0.5,0.1754481864712085,0.002364213083213329
0.5,1.0,guj,mar,0.75,0.2020524229987419,0.024732634523454422
0.5,1.0,guj,mar,1.0,0.16633075220321716,0.06357160257368782
0.5,1.0,guj,hin,0.25,0.09049691487878009,-0.0036073511692061855
0.5,1.0,guj,hin,0.5,0.09652601044268161,-0.003811373324326184
0.5,1.0,guj,hin,0.75,0.05490579857682587,0.003538967378006075
0.5,1.0,guj,hin,1.0,0.01461380953220176,0.0326666227230521
0.5,1.0,tam,guj,0.25,0.23141022624286522,-0.002412977640209535
0.5,1.0,tam,guj,0.5,0.3438314835134614,0.0020584332483669643
0.5,1.0,tam,guj,0.75,0.3794105085580408,0.014339510492120566
0.5,1.0,tam,guj,1.0,0.367819974607094,0.043692364757418445
0.5,1.0,tam,mal,0.25,0.19165338017396072,-0.0005280364145567873
0.5,1.0,tam,mal,0.5,0.2824645455643679,0.004168474418374202
0.5,1.0,tam,mal,0.75,0.3506001130721469,0.01039336061706353
0.5,1.0,tam,mal,1.0,0.38306394137298355,0.04376961518109557
0.5,1.0,tam,mar,0.25,0.1398596064597958,-0.006652052242457185
0.5,1.0,tam,mar,0.5,0.22737790094594798,-0.006460689484097171
0.5,1.0,tam,mar,0.75,0.2387387718924717,0.004376181490690412
0.5,1.0,tam,mar,1.0,0.22103527475731596,0.02170664377743642
0.5,1.0,tam,hin,0.25,0.10488911022624037,-0.003363846060997322
0.5,1.0,tam,hin,0.5,0.13940467053099187,-0.004740487896202683
0.5,1.0,tam,hin,0.75,0.1407841282503406,-0.002475708888293293
0.5,1.0,tam,hin,1.0,0.10164710369183588,0.014075422500483714
0.5,1.0,mal,guj,0.25,0.237434295505478,0.0013043990452598075
0.5,1.0,mal,guj,0.5,0.3414684624137466,0.013431617952138208
0.5,1.0,mal,guj,0.75,0.369050709776041,0.03656577394244043
0.5,1.0,mal,guj,1.0,0.3677560006549998,0.0762607839447067
0.5,1.0,mal,tam,0.25,0.1682770784316751,0.0037411880596568414
0.5,1.0,mal,tam,0.5,0.2766855409215195,0.011516052915911401
0.5,1.0,mal,tam,0.75,0.30904756077018997,0.029987118276710634
0.5,1.0,mal,tam,1.0,0.2857976479707376,0.07921579732958872
0.5,1.0,mal,mar,0.25,0.12017579586938201,-0.006699144108511357
0.5,1.0,mal,mar,0.5,0.19077198200054826,-0.00159199261942089
0.5,1.0,mal,mar,0.75,0.2034955658392442,0.021123844770892408
0.5,1.0,mal,mar,1.0,0.1900589587923022,0.060926794355195435
0.5,1.0,mal,hin,0.25,0.10457207206516117,-0.0028576390863757073
0.5,1.0,mal,hin,0.5,0.1328633572576104,-0.007184221934089907
0.5,1.0,mal,hin,0.75,0.12427091278970681,-0.009568591226165213
0.5,1.0,mal,hin,1.0,0.11001000629139657,-0.005068762665790094
0.5,1.0,mar,guj,0.25,0.1836134434134094,-0.0026853336793125626
0.5,1.0,mar,guj,0.5,0.310478084045825,0.0052397129330595815
0.5,1.0,mar,guj,0.75,0.3826683817716588,0.03208921347550353
0.5,1.0,mar,guj,1.0,0.4079094836897655,0.07443654690017276
0.5,1.0,mar,tam,0.25,0.1951572392465833,-0.00688417392560281
0.5,1.0,mar,tam,0.5,0.3264421153161356,-0.010771480371519648
0.5,1.0,mar,tam,0.75,0.3728571046744988,0.0011685132966209322
0.5,1.0,mar,tam,1.0,0.3574723965272368,0.04687660212992395
0.5,1.0,mar,mal,0.25,0.1852454191628909,-0.0022729203171305556
0.5,1.0,mar,mal,0.5,0.2555757110981164,0.0047499271035799095
0.5,1.0,mar,mal,0.75,0.2960543881199941,0.029195295496737605
0.5,1.0,mar,mal,1.0,0.311703101942393,0.08843350851758014
0.5,1.0,mar,hin,0.25,0.054017486438830975,-0.004985994046337094
0.5,1.0,mar,hin,0.5,0.09663818011856656,-0.012762157646988292
0.5,1.0,mar,hin,0.75,0.1012793958690949,-0.014884674138522291
0.5,1.0,mar,hin,1.0,0.09298988192938457,-0.011393183840183785
0.5,1.0,hin,guj,0.25,0.21318581268457049,0.003111965801560035
0.5,1.0,hin,guj,0.5,0.3104322715066767,0.016338866484176484
0.5,1.0,hin,guj,0.75,0.3311452858799374,0.049762124534464935
0.5,1.0,hin,guj,1.0,0.3301414359963425,0.09677131360473523
0.5,1.0,hin,tam,0.25,0.194225023648338,5.460348803953963e-05
0.5,1.0,hin,tam,0.5,0.3356037060516861,0.008502280874179813
0.5,1.0,hin,tam,0.75,0.3514281927520404,0.03373316717278252
0.5,1.0,hin,tam,1.0,0.3240201639217983,0.08139412287706471
0.5,1.0,hin,mal,0.25,0.21835195737059343,-0.003969671106105244
0.5,1.0,hin,mal,0.5,0.3213421070529851,0.004887421746645915
0.5,1.0,hin,mal,0.75,0.3622195001033008,0.027411295514436218
0.5,1.0,hin,mal,1.0,0.3727511219733292,0.061147067267633526
0.5,1.0,hin,mar,0.25,0.09649485300862778,0.0006712173470633243
0.5,1.0,hin,mar,0.5,0.14785609807479358,0.003670822082509906
0.5,1.0,hin,mar,0.75,0.1460948824230575,0.02171048620094085
0.5,1.0,hin,mar,1.0,0.1255047371139977,0.06357982005914925
0.5,2.0,guj,tam,0.25,0.205831983944682,0.0009233995192290401
0.5,2.0,guj,tam,0.5,0.3237852848516058,0.00786789554873113
0.5,2.0,guj,tam,0.75,0.3455486752686109,0.023507924818933712
0.5,2.0,guj,tam,1.0,0.3239223088348232,0.06637932522159018
0.5,2.0,guj,mal,0.25,0.2041733120350619,-0.0032911716210553
0.5,2.0,guj,mal,0.5,0.3063476204129732,-0.0017812880221845795
0.5,2.0,guj,mal,0.75,0.3686560238131232,0.015952930378474006
0.5,2.0,guj,mal,1.0,0.3798947199654295,0.060542819077865184
0.5,2.0,guj,mar,0.25,0.12011366415891797,-0.003471063476289782
0.5,2.0,guj,mar,0.5,0.17433277146365408,0.0006312264409221169
0.5,2.0,guj,mar,0.75,0.1981644661911615,0.02179897980645601
0.5,2.0,guj,mar,1.0,0.16756714518788776,0.07797132185581013
0.5,2.0,guj,hin,0.25,0.09214322859997559,-0.003274708310064489
0.5,2.0,guj,hin,0.5,0.1164977717496617,-0.0031696501694741253
0.5,2.0,guj,hin,0.75,0.0748723817475328,0.0029811741877631137
0.5,2.0,guj,hin,1.0,0.02833621246160667,0.02541397284021457
0.5,2.0,tam,guj,0.25,0.20872184152601012,-0.004233306010110849
0.5,2.0,tam,guj,0.5,0.3359293600599977,-0.002245451752662997
0.5,2.0,tam,guj,0.75,0.3703032873217693,0.009305360607275381
0.5,2.0,tam,guj,1.0,0.3377282240567656,0.04244012438668787
0.5,2.0,tam,mal,0.25,0.1757725067220275,-0.007453602939712978
0.5,2.0,tam,mal,0.5,0.2651768504062203,-0.007653643558983236
0.5,2.0,tam,mal,0.75,0.3127480190614651,0.0037216392516020713
0.5,2.0,tam,mal,1.0,0.327818353325975,0.03482568717855117
0.5,2.0,tam,mar,0.25,0.1292206729922236,-0.007692295594792564
0.5,2.0,tam,mar,0.5,0.1979852473846407,-0.009533787861460974
0.5,2.0,tam,mar,0.75,0.21627781861190956,-0.002990802400280157
0.5,2.0,tam,mar,1.0,0.19144707404585257,0.00884559820627634
0.5,2.0,tam,hin,0.25,0.09059728320336596,-0.0041392963291668194
0.5,2.0,tam,hin,0.5,0.1434458360290526,-0.00823275194196682
0.5,2.0,tam,hin,0.75,0.14493867676577538,-0.005259022358696408
0.5,2.0,tam,hin,1.0,0.1387192321085831,0.0067216019945631755
0.5,2.0,mal,guj,0.25,0.227924441496553,-0.002173919281792225
0.5,2.0,mal,guj,0.5,0.3575152504298096,0.008292832160719743
0.5,2.0,mal,guj,0.75,0.3876943110711887,0.03718081341210877
0.5,2.0,mal,guj,1.0,0.3749473332194046,0.07287924034640791
0.5,2.0,mal,tam,0.25,0.16867948542777073,0.0053947498070359146
0.5,2.0,mal,tam,0.5,0.2697341153241637,0.011332860826716029
0.5,2.0,mal,tam,0.75,0.31497615461163947,0.021966331303511555
0.5,2.0,mal,tam,1.0,0.31452613243436417,0.06049452191536475
0.5,2.0,mal,mar,0.25,0.13449748885858867,-0.0046834848138553875
0.5,2.0,mal,mar,0.5,0.197962974304265,-0.0013529734477792932
0.5,2.0,mal,mar,0.75,0.2114301669807214,0.02525449650590933
0.5,2.0,mal,mar,1.0,0.19806198684695778,0.06304915825627755
0.5,2.0,mal,hin,0.25,0.1142607931067125,-0.0024314063940880093
0.5,2.0,mal,hin,0.5,0.1542133567251201,-0.0018457777351948979
0.5,2.0,mal,hin,0.75,0.1461415538603691,-0.0007980102020961888
0.5,2.0,mal,hin,1.0,0.12871498509571466,0.007979733848179793
0.5,2.0,mar,guj,0.25,0.20107085802416672,-0.0044754670023084975
0.5,2.0,mar,guj,0.5,0.3263999806300119,-0.0026178786700555845
0.5,2.0,mar,guj,0.75,0.3790827289044667,0.021161705035321554
0.5,2.0,mar,guj,1.0,0.3708523530261105,0.060398732420166024
0.5,2.0,mar,tam,0.25,0.2004931214928617,-0.003990445272265664
0.5,2.0,mar,tam,0.5,0.35208227685812377,-0.003266740784694133
0.5,2.0,mar,tam,0.75,0.40633178083767857,0.0070236869750939235
0.5,2.0,mar,tam,1.0,0.3900103146818037,0.04259840547739713
0.5,2.0,mar,mal,0.25,0.1803430781938759,-0.001089797706927742
0.5,2.0,mar,mal,0.5,0.2561318179719787,0.006662140943271444
0.5,2.0,mar,mal,0.75,0.3003579656281881,0.038992206796542694
0.5,2.0,mar,mal,1.0,0.3325720131010096,0.11150224094254257
0.5,2.0,mar,hin,0.25,0.07279214280058166,-0.0044330660494890095
0.5,2.0,mar,hin,0.5,0.11180704434219119,-0.008144485099481624
0.5,2.0,mar,hin,0.75,0.1201052788268096,-0.005864108780728516
0.5,2.0,mar,hin,1.0,0.09503349088380109,0.0023562718997054977
0.5,2.0,hin,guj,0.25,0.2052213050318157,-0.0017515657162775478
0.5,2.0,hin,guj,0.5,0.3068468781245123,0.008076805854023261
0.5,2.0,hin,guj,0.75,0.32308090584651933,0.03676439345409588
0.5,2.0,hin,guj,1.0,0.309969716813403,0.08072972172098136
0.5,2.0,hin,tam,0.25,0.18750642151470087,0.0005331169981125372
0.5,2.0,hin,tam,0.5,0.3415852674537085,0.004608101283879451
0.5,2.0,hin,tam,0.75,0.3636353363465716,0.020588163779664548
0.5,2.0,hin,tam,1.0,0.35346216414488096,0.0662868219829853
0.5,2.0,hin,mal,0.25,0.21540256432882698,-0.002887385197805181
0.5,2.0,hin,mal,0.5,0.3146542729857084,0.0020359155891152003
0.5,2.0,hin,mal,0.75,0.3503498683636136,0.022646428215203795
0.5,2.0,hin,mal,1.0,0.3536856867498139,0.07364288079750314
0.5,2.0,hin,mar,0.25,0.08950326671684278,0.0016132777340658322
0.5,2.0,hin,mar,0.5,0.15113367269620068,0.008817932821348295
0.5,2.0,hin,mar,0.75,0.17051595314743648,0.022865743553444506
0.5,2.0,hin,mar,1.0,0.1633948065462251,0.05272546256017502
1.0,0.5,guj,tam,0.25,0.202169564892764,-0.005002676078175172
1.0,0.5,guj,tam,0.5,0.3208197183335786,-0.0019151005626288908
1.0,0.5,guj,tam,0.75,0.3434058488810068,0.015989544397759792
1.0,0.5,guj,tam,1.0,0.3207134157755826,0.055092425749205365
1.0,0.5,guj,mal,0.25,0.1983634238761533,-0.0018227291474854912
1.0,0.5,guj,mal,0.5,0.3037005807301257,0.007057412939829644
1.0,0.5,guj,mal,0.75,0.3356200605501255,0.022538080310301023
1.0,0.5,guj,mal,1.0,0.3447759002235945,0.04668435338941235
1.0,0.5,guj,mar,0.25,0.10719538251190619,-0.003701749293960277
1.0,0.5,guj,mar,0.5,0.19860736994978231,0.002577554024460804
1.0,0.5,guj,mar,0.75,0.23062811577965378,0.020530430047388748
1.0,0.5,guj,mar,1.0,0.21542667479196118,0.04758619292330202
1.0,0.5,guj,hin,0.25,0.06704013040899037,-0.005695412685186529
1.0,0.5,guj,hin,0.5,0.060618598275825386,-0.0105597834486999
1.0,0.5,guj,hin,0.75,0.048473522309958106,-0.007402943439237086
1.0,0.5,guj,hin,1.0,0.05343964289621067,0.013454804209417415
1.0,0.5,tam,guj,0.25,0.2059664186663576,-0.0030326846587154233
1.0,0.5,tam,guj,0.5,0.34270954310384333,0.004983597395048056
1.0,0.5,tam,guj,0.75,0.3827347776291752,0.01846701856977262
1.0,0.5,tam,guj,1.0,0.3878451509099667,0.0409552580380772
1.0,0.5,tam,mal,0.25,0.1719481025633522,-0.0021015102400159247
1.0,0.5,tam,mal,0.5,0.2893528524147423,-0.0005720177829570128
1.0,0.5,tam,mal,0.75,0.3384700505105518,0.008474815159151827
1.0,0.5,tam,mal,1.0,0.3593421979428071,0.029875941069836487
1.0,0.5,tam,mar,0.25,0.1271639460784216,-0.010600273439500874
1.0,0.5,tam,mar,0.5,0.2230798595953721,-0.011767514523008171
1.0,0.5,tam,mar,0.75,0.2534149173368685,0.004469054011359608
1.0,0.5,tam,mar,1.0,0.24563475397453108,0.024703889911880106
1.0,0.5,tam,hin,0.25,0.0862559065789611,-0.009014886098923702
1.0,0.5,tam,hin,0.5,0.1053706024365233,-0.01809868931152181
1.0,0.5,tam,hin,0.75,0.09666514226551387,-0.020878768759255983
1.0,0.5,tam,hin,1.0,0.0912304515378693,-0.008331967322479983
1.0,0.5,mal,guj,0.25,0.2360405363553102,0.002054182498061552
1.0,0.5,mal,guj,0.5,0.3451513585655065,0.015465858280977018
1.0,0.5,mal,guj,0.75,0.3823689837017581,0.03264653800190587
1.0,0.5,mal,guj,1.0,0.4107458131825429,0.0571853424900709
1.0,0.5,mal,tam,0.25,0.17053670777456492,-0.00011053511754588463
1.0,0.5,mal,tam,0.5,0.3126885637369848,0.005457542234680646
1.0,0.5,mal,tam,0.75,0.3641272883482714,0.021196824118527413
1.0,0.5,mal,tam,1.0,0.3505347478684609,0.05795362513293689
1.0,0.5,mal,mar,0.25,0.11574197172694786,-0.0047306893065736655
1.0,0.5,mal,mar,0.5,0.1948580067383713,-0.00046058377439395226
1.0,0.5,mal,mar,0.75,0.19628345912499698,0.01924181258772445
1.0,0.5,mal,mar,1.0,0.16768772697993337,0.0508828724366287
1.0,0.5,mal,hin,0.25,0.06894092613875918,-0.0056322033264478155
1.0,0.5,mal,hin,0.5,0.08712673810937066,-0.0136473339054341
1.0,0.5,mal,hin,0.75,0.0915419443286486,-0.0236078457131515
1.0,0.5,mal,hin,1.0,0.10183374897122821,-0.019078045227425122
1.0,0.5,mar,guj,0.25,0.1957477915283971,-0.0006184724858958601
1.0,0.5,mar,guj,0.5,0.3498006045185298,0.0036883062068344685
1.0,0.5,mar,guj,0.75,0.3843671439843907,0.018580818939484156
1.0,0.5,mar,guj,1.0,0.3866044578859627,0.04166865613901649
1.0,0.5,mar,tam,0.25,0.181553063494235,-0.0075499381433954404
1.0,0.5,mar,tam,0.5,0.3158521594274864,-0.005828162692475991
1.0,0.5,mar,tam,0.75,0.360429719346964,0.012422884746976504
1.0,0.5,mar,tam,1.0,0.3542534720133046,0.04830265268837863
1.0,0.5,mar,mal,0.25,0.19499538960591373,-0.002439794924461114
1.0,0.5,mar,mal,0.5,0.3187570214119986,0.0070789759660020435
1.0,0.5,mar,mal,0.75,0.3697014588714342,0.019840957325462094
1.0,0.5,mar,mal,1.0,0.38338252981592164,0.0471719559054411
1.0,0.5,mar,hin,0.25,0.05324141642772867,-0.006757375688951683
1.0,0.5,mar,hin,0.5,0.08063283104699409,-0.01533599592735313
1.0,0.5,mar,hin,0.75,0.08656088862234779,-0.02061909393908251
1.0,0.5,mar,hin,1.0,0.09019768587600246,-0.01693659763955252
1.0,0.5,hin,guj,0.25,0.1978794697860844,-0.0009226014662531146
1.0,0.5,hin,guj,0.5,0.321634732394544,0.008033506532204582
1.0,0.5,hin,guj,0.75,0.3504796675323306,0.026935276572827238
1.0,0.5,hin,guj,1.0,0.347889566052483,0.057612574337604916
1.0,0.5,hin,tam,0.25,0.17333861865619776,-0.002088400364633758
1.0,0.5,hin,tam,0.5,0.3129847311919448,0.0068245245779241515
1.0,0.5,hin,tam,0.75,0.36209388310031476,0.028815916366637828
1.0,0.5,hin,tam,1.0,0.3562412863916674,0.07769374876478996
1.0,0.5,hin,mal,0.25,0.20181223592984482,-0.002977059981931207
1.0,0.5,hin,mal,0.5,0.3210239732965841,0.00578572941138733
1.0,0.5,hin,mal,0.75,0.3891576235630651,0.020092076914602464
1.0,0.5,hin,mal,1.0,0.4110270995819671,0.04998988572719465
1.0,0.5,hin,mar,0.25,0.0792254687360108,0.0024026515412139404
1.0,0.5,hin,mar,0.5,0.1492216922271731,0.014018833663961339
1.0,0.5,hin,mar,0.75,0.19240764685277748,0.028353501796837044
1.0,0.5,hin,mar,1.0,0.2028170453776543,0.04480331262607423
1.0,1.0,guj,tam,0.25,0.20338131818330496,-0.004437593000271911
1.0,1.0,guj,tam,0.5,0.3256761263444429,-0.0017842452552422339
1.0,1.0,guj,tam,0.75,0.36993586857940847,0.013513310106545884
1.0,1.0,guj,tam,1.0,0.35168510650082396,0.05470281003693267
1.0,1.0,guj,mal,0.25,0.2012008305307515,-0.0011399313812022749
1.0,1.0,guj,mal,0.5,0.3034151487373099,0.0021183995092062258
1.0,1.0,guj,mal,0.75,0.3563685966708365,0.009672952123529699
1.0,1.0,guj,mal,1.0,0.3689751701469788,0.039605063475196656
1.0,1.0,guj,mar,0.25,0.11146679541542659,-0.005021401027146377
1.0,1.0,guj,mar,0.5,0.201741861489492,-0.001507346751881966
1.0,1.0,guj,mar,0.75,0.22340659415215589,0.014181521907358607
1.0,1.0,guj,mar,1.0,0.19500164778044957,0.039013679286363845
1.0,1.0,guj,hin,0.25,0.07663399789177638,-0.0030994302025648124
1.0,1.0,guj,hin,0.5,0.07210250552032438,-0.004728489244530898
1.0,1.0,guj,hin,0.75,0.05255229355258889,0.0008091774443300115
1.0,1.0,guj,hin,1.0,0.05085457890538059,0.02250538053646889
1.0,1.0,tam,guj,0.25,0.218024598717784,-0.004621059140319739
1.0,1.0,tam,guj,0.5,0.3315210256783043,-0.002188847619233325
1.0,1.0,tam,guj,0.75,0.3668885047301836,0.002836764709038042
1.0,1.0,tam,guj,1.0,0.3744524154746372,0.022651060235415743
1.0,1.0,tam,mal,0.25,0.1897951876005018,-0.005416716877127303
1.0,1.0,tam,mal,0.5,0.2896332910827982,-0.008238073837182891
1.0,1.0,tam,mal,0.75,0.3479267523331231,-0.006776964912318495
1.0,1.0,tam,mal,1.0,0.3572176329773109,0.008538617078792887
1.0,1.0,tam,mar,0.25,0.13451078994241186,-0.0098937230173467
1.0,1.0,tam,mar,0.5,0.2118029136544565,-0.012855883277227198
1.0,1.0,tam,mar,0.75,0.2405322729782465,-0.007170334680677681
1.0,1.0,tam,mar,1.0,0.2178969511659585,0.008438280966643619
1.0,1.0,tam,hin,0.25,0.08983882288498418,-0.005168545494244503
1.0,1.0,tam,hin,0.5,0.12357039312989399,-0.007750381045083021
1.0,1.0,tam,hin,0.75,0.1258764336496478,-0.01008143850626081
1.0,1.0,tam,hin,1.0,0.11870601229738681,-0.005966811218767187
1.0,1.0,mal,guj,0.25,0.2225324066148784,0.0006706725141294445
1.0,1.0,mal,guj,0.5,0.3220862227165443,0.010645926223945334
1.0,1.0,mal,guj,0.75,0.343757275330233,0.03214731100784585
1.0,1.0,mal,guj,1.0,0.3527782640615777,0.05827933080611447
1.0,1.0,mal,tam,0.25,0.1773850206991932,-0.0007328609550963927
1.0,1.0,mal,tam,0.5,0.30594307871351467,0.0011017553335647134
1.0,1.0,mal,tam,0.75,0.342093912884592,0.014337381040922414
1.0,1.0,mal,tam,1.0,0.3282875946799364,0.056221927764838586
1.0,1.0,mal,mar,0.25,0.12369580756247386,-0.0031141950841053756
1.0,1.0,mal,mar,0.5,0.19194135087624029,0.002272754338492944
1.0,1.0,mal,mar,0.75,0.219180257666825,0.018055311060223622
1.0,1.0,mal,mar,1.0,0.2068754289302445,0.05718765043332025
1.0,1.0,mal,hin,0.25,0.08183328290049807,-0.0024252174557919948
1.0,1.0,mal,hin,0.5,0.11807702529893777,-0.005362679728000086
1.0,1.0,mal,hin,0.75,0.1088556202536256,-0.0062827424123511055
1.0,1.0,mal,hin,1.0,0.1091633053595461,-0.0012417614619145145
1.0,1.0,mar,guj,0.25,0.1977954070994763,-0.005488801918763775
1.0,1.0,mar,guj,0.5,0.3439124411163249,0.0024438310129824004
1.0,1.0,mar,guj,0.75,0.3798157594950323,0.018771498274664733
1.0,1.0,mar,guj,1.0,0.3856668941876274,0.046284204171342824
1.0,1.0,mar,tam,0.25,0.192281238011288,-0.008284411182032492
1.0,1.0,mar,tam,0.5,0.3263170950044359,-0.008921523979575685
1.0,1.0,mar,tam,0.75,0.37060068624922277,0.00031810796592646184
1.0,1.0,mar,tam,1.0,0.36264692508399937,0.027970865749406548
1.0,1.0,mar,mal,0.25,0.2122370315583007,-0.0033545322015361423
1.0,1.0,mar,mal,0.5,0.3065654870146478,0.0021649036424417067
1.0,1.0,mar,mal,0.75,0.3537270259189237,0.010988685516984509
1.0,1.0,mar,mal,1.0,0.3724469699521404,0.03783074361842631
1.0,1.0,mar,hin,0.25,0.061386612136500485,-0.002012434139700703
1.0,1.0,mar,hin,0.5,0.102120926281002,-0.004539821122863608
1.0,1.0,mar,hin,0.75,0.11443343716167498,-0.006388037129555824
1.0,1.0,mar,hin,1.0,0.0943087532404821,-0.0014075910468606123
1.0,1.0,hin,guj,0.25,0.1992069279002333,-0.0009726137940944124
1.0,1.0,hin,guj,0.5,0.31318912439115193,0.006971268444081802
1.0,1.0,hin,guj,0.75,0.3289424505666317,0.02065742183656394
1.0,1.0,hin,guj,1.0,0.3199990573658042,0.048196230672929774
1.0,1.0,hin,tam,0.25,0.18184145530466667,-0.002027582177709042
1.0,1.0,hin,tam,0.5,0.32247676107972206,0.0015919232039136588
1.0,1.0,hin,tam,0.75,0.3796625856528662,0.010781828387862347
1.0,1.0,hin,tam,1.0,0.3670099627660693,0.04521005372205045
1.0,1.0,hin,mal,0.25,0.2141561880220461,-0.0024389481561972737
1.0,1.0,hin,mal,0.5,0.3326853065834245,0.0023631355878486193
1.0,1.0,hin,mal,0.75,0.3821577109581262,0.014496951436679506
1.0,1.0,hin,mal,1.0,0.4105301678711672,0.036442645145724595
1.0,1.0,hin,mar,0.25,0.0892220946235737,6.329781882613572e-05
1.0,1.0,hin,mar,0.5,0.13463192606222926,0.008503661484825842
1.0,1.0,hin,mar,0.75,0.1662656377709041,0.018417214647278912
1.0,1.0,hin,mar,1.0,0.17305720707701597,0.035021576446124025
1.0,2.0,guj,tam,0.25,0.1955570482384239,-0.0012525017894270407
1.0,2.0,guj,tam,0.5,0.3248211465268176,0.0006003138388213092
1.0,2.0,guj,tam,0.75,0.3454826629257028,0.014999637736294646
1.0,2.0,guj,tam,1.0,0.3142162300116956,0.06044624355877437
1.0,2.0,guj,mal,0.25,0.2007405216732383,-0.0039095834597273615
1.0,2.0,guj,mal,0.5,0.3040558061746962,-0.005892606503034692
1.0,2.0,guj,mal,0.75,0.3525558120053204,-0.0004193380468048291
1.0,2.0,guj,mal,1.0,0.3577522878877294,0.029581488904220188
1.0,2.0,guj,mar,0.25,0.109354494200187,-0.0038591927801751025
1.0,2.0,guj,mar,0.5,0.1937365907938107,-0.002459522529222491
1.0,2.0,guj,mar,0.75,0.2086999630424872,0.01442286687519545
1.0,2.0,guj,mar,1.0,0.1723231405120528,0.05943906687871364
1.0,2.0,guj,hin,0.25,0.08341979763169316,-0.0006025425547935837
1.0,2.0,guj,hin,0.5,0.09209802280981066,0.002207629563553193
1.0,2.0,guj,hin,0.75,0.0761103906185423,0.010392323031963191
1.0,2.0,guj,hin,1.0,0.07588989986697281,0.03410097545654189
1.0,2.0,tam,guj,0.25,0.21918213492731292,-0.00620626213752129
1.0,2.0,tam,guj,0.5,0.3375901192086845,-0.0060495261271076295
1.0,2.0,tam,guj,0.75,0.3765984083686913,-0.001085088855392491
1.0,2.0,tam,guj,1.0,0.3712463173856136,0.020938943471645044
1.0,2.0,tam,mal,0.25,0.1723886600361929,-0.005275903649984981
1.0,2.0,tam,mal,0.5,0.2531655704830607,-0.006121897457498915
1.0,2.0,tam,mal,0.75,0.3142594954907052,-0.003993079217075368
1.0,2.0,tam,mal,1.0,0.3140766017200239,0.017053645825553576
1.0,2.0,tam,mar,0.25,0.13950534262955197,-0.006867222029305564
1.0,2.0,tam,mar,0.5,0.21098510500318288,-0.009585796161240001
1.0,2.0,tam,mar,0.75,0.23661997284294747,-0.00809764882574876
1.0,2.0,tam,mar,1.0,0.22764328270215586,0.0010272473587379372
1.0,2.0,tam,hin,0.25,0.0965167372833961,-0.003854639013521899
1.0,2.0,tam,hin,0.5,0.11571651838927877,-0.006389655998981114
1.0,2.0,tam,hin,0.75,0.10891780443579818,-0.007234670474446425
1.0,2.0,tam,hin,1.0,0.08805947738534009,0.001194094121487188
1.0,2.0,mal,guj,0.25,0.2343957974790702,0.0012812657068496103
1.0,2.0,mal,guj,0.5,0.3460452208902245,0.010551341851169238
1.0,2.0,mal,guj,0.75,0.3763633225087004,0.02416351339281786
1.0,2.0,mal,guj,1.0,0.3924417387050314,0.04524960432460223
1.0,2.0,mal,tam,0.25,0.16203262041734262,-0.0012858101342854145
1.0,2.0,mal,tam,0.5,0.2830490715363514,0.005347766364251161
1.0,2.0,mal,tam,0.75,0.31994806727087877,0.022037016253324215
1.0,2.0,mal,tam,1.0,0.3038739788995899,0.06710196721748551
1.0,2.0,mal,mar,0.25,0.12116005352326256,-0.0028239971105547546
1.0,2.0,mal,mar,0.5,0.19102188717376758,0.00018608001871039948
1.0,2.0,mal,mar,0.75,0.2039116314039525,0.013274648592973448
1.0,2.0,mal,mar,1.0,0.1825970700550433,0.04237294319848112
1.0,2.0,mal,hin,0.25,0.1003494566096369,-0.0027195500619590085
1.0,2.0,mal,hin,0.5,0.1363989878695851,-0.005030419541542985
1.0,2.0,mal,hin,0.75,0.1308980923227488,-0.00855490765426542
1.0,2.0,mal,hin,1.0,0.12593362165413846,-0.005418665747666307
1.0,2.0,mar,guj,0.25,0.192096520863203,-0.004292452213236708
1.0,2.0,mar,guj,0.5,0.3487167298115035,0.0037807077393522404
1.0,2.0,mar,guj,0.75,0.3906265218072046,0.02355973420903723
1.0,2.0,mar,guj,1.0,0.390628589359679,0.05324795386848824
1.0,2.0,mar,tam,0.25,0.19932470489179827,-0.0024329123125086394
1.0,2.0,mar,tam,0.5,0.3379319981863266,-0.0032077512697691324
1.0,2.0,mar,tam,0.75,0.3814337559533237,0.009618147071128402
1.0,2.0,mar,tam,1.0,0.3814647519219971,0.04108436189783582
1.0,2.0,mar,mal,0.25,0.1985624729916593,-0.004032063517998452
1.0,2.0,mar,mal,0.5,0.3012344024974428,-0.0020413271744108563
1.0,2.0,mar,mal,0.75,0.3491424280507019,0.010649251377549462
1.0,2.0,mar,mal,1.0,0.3733644463745896,0.03964385487820954
1.0,2.0,mar,hin,0.25,0.0676096713853811,-0.0027499908691623887
1.0,2.0,mar,hin,0.5,0.10211378607808591,-0.005639047390509633
1.0,2.0,mar,hin,0.75,0.11438054487987787,-0.007773234475038304
1.0,2.0,mar,hin,1.0,0.11439141639412037,-0.0034554622511313027
1.0,2.0,hin,guj,0.25,0.198779076769219,-0.0004198741653522742
1.0,2.0,hin,guj,0.5,0.3074668498268675,0.00509437332042928
1.0,2.0,hin,guj,0.75,0.3285373418381867,0.016991529181695886
1.0,2.0,hin,guj,1.0,0.3106614412278294,0.050121056730606295
1.0,2.0,hin,tam,0.25,0.18036574923516596,-0.0027071377579953593
1.0,2.0,hin,tam,0.5,0.3281882391342002,-0.0011736872160730272
1.0,2.0,hin,tam,0.75,0.37409657749270736,0.011069879694428852
1.0,2.0,hin,tam,1.0,0.36901822700007,0.04981456614378932
1.0,2.0,hin,mal,0.25,0.222801574882727,-0.00468917813370584
1.0,2.0,hin,mal,0.5,0.331298925692792,-0.0013398024901116745
1.0,2.0,hin,mal,0.75,0.3678630398870675,0.00864598666266847
1.0,2.0,hin,mal,1.0,0.37617794413025135,0.039336920488737714
1.0,2.0,hin,mar,0.25,0.0910098233797774,-0.0013848916783807952
1.0,2.0,hin,mar,0.5,0.148751187696728,0.006024010504394939
1.0,2.0,hin,mar,0.75,0.18204025475307747,0.018231822709950107
1.0,2.0,hin,mar,1.0,0.1809174869872149,0.03628909222395682
