lang,condition,layer,replicate_type,replicate_id,n,acc1,bootstrap_ci_low,bootstrap_ci_high
guj,native,0,seed,0,200,0.03,0.01,0.055
guj,romanised,0,seed,0,200,0.05,0.02,0.085
guj,noncanonical,0,seed,0,200,0.01,0.0,0.025
guj,native,1,seed,0,200,0.015,0.0,0.035
guj,romanised,1,seed,0,200,0.025,0.005,0.05
guj,noncanonical,1,seed,0,200,0.015,0.0,0.035
guj,native,2,seed,0,200,0.03,0.01,0.055
guj,romanised,2,seed,0,200,0.025,0.005,0.05
guj,noncanonical,2,seed,0,200,0.03,0.01,0.055
guj,native,3,seed,0,200,0.07,0.035,0.105
guj,romanised,3,seed,0,200,0.03,0.01,0.055
guj,noncanonical,3,seed,0,200,0.03,0.01,0.055
guj,native,4,seed,0,200,0.155,0.105,0.205
guj,romanised,4,seed,0,200,0.01,0.0,0.025
guj,noncanonical,4,seed,0,200,0.045,0.02,0.075
guj,native,5,seed,0,200,0.235,0.1740266914792037,0.285
guj,romanised,5,seed,0,200,0.025,0.005,0.045
guj,noncanonical,5,seed,0,200,0.045,0.02,0.075
guj,native,6,seed,0,200,0.33,0.2557250111871993,0.39
guj,romanised,6,seed,0,200,0.03,0.01,0.055
guj,noncanonical,6,seed,0,200,0.06,0.03,0.095
guj,native,7,seed,0,200,0.405,0.3284057303144318,0.465
guj,romanised,7,seed,0,200,0.03,0.01,0.055
guj,noncanonical,7,seed,0,200,0.04,0.015,0.065
guj,native,8,seed,0,200,0.405,0.335,0.465
guj,romanised,8,seed,0,200,0.025,0.005,0.05
guj,noncanonical,8,seed,0,200,0.025,0.005,0.045
guj,native,9,seed,0,200,0.6,0.53,0.66
guj,romanised,9,seed,0,200,0.025,0.005,0.05
guj,noncanonical,9,seed,0,200,0.04,0.015,0.065
guj,native,10,seed,0,200,0.64,0.565,0.695
guj,romanised,10,seed,0,200,0.015,0.0,0.035
guj,noncanonical,10,seed,0,200,0.06,0.03,0.09
guj,native,11,seed,0,200,0.69,0.615,0.74
guj,romanised,11,seed,0,200,0.015,0.0,0.035
guj,noncanonical,11,seed,0,200,0.04,0.015,0.07
guj,native,12,seed,0,200,0.7,0.63,0.755
guj,romanised,12,seed,0,200,0.025,0.005,0.05
guj,noncanonical,12,seed,0,200,0.085,0.045,0.12
guj,native,13,seed,0,200,0.7,0.625,0.755
guj,romanised,13,seed,0,200,0.01,0.0,0.025
guj,noncanonical,13,seed,0,200,0.13,0.085,0.175
guj,native,14,seed,0,200,0.665,0.59,0.72
guj,romanised,14,seed,0,200,0.01,0.0,0.025
guj,noncanonical,14,seed,0,200,0.14,0.09,0.185
guj,native,15,seed,0,200,0.7,0.6279004339960835,0.75
guj,romanised,15,seed,0,200,0.01,0.0,0.025
guj,noncanonical,15,seed,0,200,0.14,0.095,0.185
guj,native,16,seed,0,200,0.72,0.65,0.77
guj,romanised,16,seed,0,200,0.02,0.005,0.04
guj,noncanonical,16,seed,0,200,0.06,0.03,0.095
guj,native,17,seed,0,200,0.7,0.63,0.75
guj,romanised,17,seed,0,200,0.03,0.01,0.055
guj,noncanonical,17,seed,0,200,0.08,0.045,0.115
guj,native,18,seed,0,200,0.69,0.62,0.745
guj,romanised,18,seed,0,200,0.02,0.005,0.04
guj,noncanonical,18,seed,0,200,0.025,0.005,0.05
guj,native,19,seed,0,200,0.69,0.62,0.745
guj,romanised,19,seed,0,200,0.03,0.01,0.055
guj,noncanonical,19,seed,0,200,0.11,0.07,0.155
guj,native,20,seed,0,200,0.695,0.625,0.75
guj,romanised,20,seed,0,200,0.045,0.02,0.075
guj,noncanonical,20,seed,0,200,0.12,0.075,0.165
guj,native,21,seed,0,200,0.7,0.63,0.755
guj,romanised,21,seed,0,200,0.025,0.005,0.05
guj,noncanonical,21,seed,0,200,0.115,0.07,0.16
guj,native,22,seed,0,200,0.61,0.535,0.67
guj,romanised,22,seed,0,200,0.025,0.005,0.05
guj,noncanonical,22,seed,0,200,0.065,0.035,0.1
guj,native,23,seed,0,200,0.44,0.37,0.505
guj,romanised,23,seed,0,200,0.035,0.015,0.065
guj,noncanonical,23,seed,0,200,0.085,0.05,0.125
guj,native,24,seed,0,200,0.345,0.28,0.41
guj,romanised,24,seed,0,200,0.035,0.015,0.06
guj,noncanonical,24,seed,0,200,0.04,0.015,0.07
tam,native,0,seed,0,200,0.01,0.0,0.025
tam,romanised,0,seed,0,200,0.005,0.0,0.015
tam,noncanonical,0,seed,0,200,0.01,0.0,0.025
tam,native,1,seed,0,200,0.025,0.005,0.05
tam,romanised,1,seed,0,200,0.005,0.0,0.015
tam,noncanonical,1,seed,0,200,0.01,0.0,0.025
tam,native,2,seed,0,200,0.08,0.045,0.12
tam,romanised,2,seed,0,200,0.005,0.0,0.015
tam,noncanonical,2,seed,0,200,0.01,0.0,0.025
tam,native,3,seed,0,200,0.115,0.075,0.16
tam,romanised,3,seed,0,200,0.005,0.0,0.015
tam,noncanonical,3,seed,0,200,0.01,0.0,0.025
tam,native,4,seed,0,200,0.15,0.1,0.2
tam,romanised,4,seed,0,200,0.005,0.0,0.015
tam,noncanonical,4,seed,0,200,0.02,0.005,0.04
tam,native,5,seed,0,200,0.22,0.165,0.28
tam,romanised,5,seed,0,200,0.005,0.0,0.015
tam,noncanonical,5,seed,0,200,0.02,0.005,0.04
tam,native,6,seed,0,200,0.26,0.2,0.32
tam,romanised,6,seed,0,200,0.005,0.0,0.015
tam,noncanonical,6,seed,0,200,0.02,0.005,0.04
tam,native,7,seed,0,200,0.28,0.215,0.34
tam,romanised,7,seed,0,200,0.005,0.0,0.015
tam,noncanonical,7,seed,0,200,0.025,0.005,0.045
tam,native,8,seed,0,200,0.29,0.23,0.355
tam,romanised,8,seed,0,200,0.005,0.0,0.015
tam,noncanonical,8,seed,0,200,0.015,0.0,0.035
tam,native,9,seed,0,200,0.44,0.37,0.505
tam,romanised,9,seed,0,200,0.005,0.0,0.015
tam,noncanonical,9,seed,0,200,0.015,0.0,0.035
tam,native,10,seed,0,200,0.525,0.45,0.585
tam,romanised,10,seed,0,200,0.005,0.0,0.015
tam,noncanonical,10,seed,0,200,0.015,0.0,0.035
tam,native,11,seed,0,200,0.585,0.505,0.645
tam,romanised,11,seed,0,200,0.005,0.0,0.015
tam,noncanonical,11,seed,0,200,0.02,0.005,0.04
tam,native,12,seed,0,200,0.62,0.545,0.68
tam,romanised,12,seed,0,200,0.005,0.0,0.015
tam,noncanonical,12,seed,0,200,0.03,0.01,0.055
tam,native,13,seed,0,200,0.5,0.43,0.565
tam,romanised,13,seed,0,200,0.005,0.0,0.015
tam,noncanonical,13,seed,0,200,0.085,0.045,0.125
tam,native,14,seed,0,200,0.445,0.37,0.51
tam,romanised,14,seed,0,200,0.005,0.0,0.015
tam,noncanonical,14,seed,0,200,0.115,0.07,0.16
tam,native,15,seed,0,200,0.58,0.51,0.64
tam,romanised,15,seed,0,200,0.005,0.0,0.015
tam,noncanonical,15,seed,0,200,0.08,0.04,0.115
tam,native,16,seed,0,200,0.59,0.515,0.65
tam,romanised,16,seed,0,200,0.005,0.0,0.015
tam,noncanonical,16,seed,0,200,0.05,0.02,0.085
tam,native,17,seed,0,200,0.6,0.53,0.66
tam,romanised,17,seed,0,200,0.005,0.0,0.015
tam,noncanonical,17,seed,0,200,0.05,0.02,0.08
tam,native,18,seed,0,200,0.62,0.5456171362479684,0.68
tam,romanised,18,seed,0,200,0.005,0.0,0.015
tam,noncanonical,18,seed,0,200,0.045,0.02,0.075
tam,native,19,seed,0,200,0.635,0.5606165846876047,0.695
tam,romanised,19,seed,0,200,0.005,0.0,0.015
tam,noncanonical,19,seed,0,200,0.095,0.055,0.1350631533709759
tam,native,20,seed,0,200,0.595,0.52,0.66
tam,romanised,20,seed,0,200,0.005,0.0,0.015
tam,noncanonical,20,seed,0,200,0.105,0.065,0.15
tam,native,21,seed,0,200,0.605,0.54,0.665
tam,romanised,21,seed,0,200,0.01,0.0,0.025
tam,noncanonical,21,seed,0,200,0.095,0.055,0.14
tam,native,22,seed,0,200,0.515,0.445,0.575
tam,romanised,22,seed,0,200,0.005,0.0,0.015
tam,noncanonical,22,seed,0,200,0.08,0.045,0.12
tam,native,23,seed,0,200,0.45,0.375,0.51
tam,romanised,23,seed,0,200,0.005,0.0,0.015
tam,noncanonical,23,seed,0,200,0.085,0.045,0.125
tam,native,24,seed,0,200,0.315,0.245,0.375
tam,romanised,24,seed,0,200,0.005,0.0,0.015
tam,noncanonical,24,seed,0,200,0.025,0.005,0.045
mal,native,0,seed,0,200,0.01,0.0,0.025
mal,romanised,0,seed,0,200,0.03,0.01,0.055
mal,noncanonical,0,seed,0,200,0.01,0.0,0.025
mal,native,1,seed,0,200,0.035,0.01,0.06
mal,romanised,1,seed,0,200,0.02,0.005,0.04
mal,noncanonical,1,seed,0,200,0.01,0.0,0.025
mal,native,2,seed,0,200,0.035,0.01,0.06
mal,romanised,2,seed,0,200,0.025,0.005,0.05
mal,noncanonical,2,seed,0,200,0.01,0.0,0.025
mal,native,3,seed,0,200,0.08,0.04,0.12
mal,romanised,3,seed,0,200,0.02,0.005,0.04
mal,noncanonical,3,seed,0,200,0.02,0.005,0.04
mal,native,4,seed,0,200,0.12,0.075,0.165
mal,romanised,4,seed,0,200,0.02,0.005,0.04
mal,noncanonical,4,seed,0,200,0.015,0.0,0.035
mal,native,5,seed,0,200,0.215,0.155,0.265
mal,romanised,5,seed,0,200,0.02,0.005,0.045
mal,noncanonical,5,seed,0,200,0.02,0.005,0.04
mal,native,6,seed,0,200,0.285,0.22,0.34
mal,romanised,6,seed,0,200,0.025,0.005,0.05
mal,noncanonical,6,seed,0,200,0.035,0.01,0.06
mal,native,7,seed,0,200,0.335,0.27,0.395
mal,romanised,7,seed,0,200,0.025,0.005,0.05
mal,noncanonical,7,seed,0,200,0.04,0.015,0.0666869838086086
mal,native,8,seed,0,200,0.35,0.28,0.41
mal,romanised,8,seed,0,200,0.035,0.01,0.065
mal,noncanonical,8,seed,0,200,0.05,0.02,0.08
mal,native,9,seed,0,200,0.495,0.42,0.56
mal,romanised,9,seed,0,200,0.03,0.01,0.055
mal,noncanonical,9,seed,0,200,0.065,0.035,0.1
mal,native,10,seed,0,200,0.56,0.485,0.62
mal,romanised,10,seed,0,200,0.015,0.0,0.035
mal,noncanonical,10,seed,0,200,0.1,0.06,0.14
mal,native,11,seed,0,200,0.61,0.5346384914685302,0.67
mal,romanised,11,seed,0,200,0.015,0.0,0.035
mal,noncanonical,11,seed,0,200,0.105,0.065,0.15
mal,native,12,seed,0,200,0.64,0.57,0.7
mal,romanised,12,seed,0,200,0.015,0.0,0.035
mal,noncanonical,12,seed,0,200,0.13,0.085,0.175
mal,native,13,seed,0,200,0.56,0.485,0.62
mal,romanised,13,seed,0,200,0.02,0.005,0.04
mal,noncanonical,13,seed,0,200,0.125,0.08,0.17
mal,native,14,seed,0,200,0.555,0.485,0.615
mal,romanised,14,seed,0,200,0.01,0.0,0.025
mal,noncanonical,14,seed,0,200,0.145,0.095,0.195
mal,native,15,seed,0,200,0.625,0.5510159971724485,0.685
mal,romanised,15,seed,0,200,0.015,0.0,0.035
mal,noncanonical,15,seed,0,200,0.19,0.135,0.245
mal,native,16,seed,0,200,0.595,0.52,0.655
mal,romanised,16,seed,0,200,0.015,0.0,0.035
mal,noncanonical,16,seed,0,200,0.13,0.08,0.175
mal,native,17,seed,0,200,0.62,0.545,0.68
mal,romanised,17,seed,0,200,0.015,0.0,0.035
mal,noncanonical,17,seed,0,200,0.12,0.075,0.165
mal,native,18,seed,0,200,0.62,0.55,0.68
mal,romanised,18,seed,0,200,0.01,0.0,0.025
mal,noncanonical,18,seed,0,200,0.07,0.035,0.105
mal,native,19,seed,0,200,0.62,0.545,0.68
mal,romanised,19,seed,0,200,0.03,0.01,0.055
mal,noncanonical,19,seed,0,200,0.175,0.12,0.225
mal,native,20,seed,0,200,0.635,0.56,0.695
mal,romanised,20,seed,0,200,0.04,0.015,0.07
mal,noncanonical,20,seed,0,200,0.205,0.15,0.26
mal,native,21,seed,0,200,0.635,0.56,0.695
mal,romanised,21,seed,0,200,0.025,0.005,0.05
mal,noncanonical,21,seed,0,200,0.18,0.13,0.23
mal,native,22,seed,0,200,0.545,0.47,0.605
mal,romanised,22,seed,0,200,0.02,0.005,0.04
mal,noncanonical,22,seed,0,200,0.145,0.095,0.19
mal,native,23,seed,0,200,0.48,0.41,0.545
mal,romanised,23,seed,0,200,0.025,0.005,0.045
mal,noncanonical,23,seed,0,200,0.11,0.065,0.155
mal,native,24,seed,0,200,0.36,0.291620593114103,0.43
mal,romanised,24,seed,0,200,0.015,0.0,0.035
mal,noncanonical,24,seed,0,200,0.06,0.025,0.095
mar,native,0,seed,0,200,0.015,0.0,0.035
mar,romanised,0,seed,0,200,0.025,0.005,0.05
mar,noncanonical,0,seed,0,200,0.005,0.0,0.015
mar,native,1,seed,0,200,0.005,0.0,0.015
mar,romanised,1,seed,0,200,0.03,0.01,0.055
mar,noncanonical,1,seed,0,200,0.01,0.0,0.025
mar,native,2,seed,0,200,0.075,0.04,0.115
mar,romanised,2,seed,0,200,0.03,0.01,0.055
mar,noncanonical,2,seed,0,200,0.035,0.015,0.065
mar,native,3,seed,0,200,0.115,0.07,0.16
mar,romanised,3,seed,0,200,0.02,0.005,0.04
mar,noncanonical,3,seed,0,200,0.04,0.015,0.07
mar,native,4,seed,0,200,0.235,0.175,0.295
mar,romanised,4,seed,0,200,0.02,0.005,0.04
mar,noncanonical,4,seed,0,200,0.045,0.02,0.075
mar,native,5,seed,0,200,0.29,0.225,0.35
mar,romanised,5,seed,0,200,0.01,0.0,0.025
mar,noncanonical,5,seed,0,200,0.065,0.035,0.1
mar,native,6,seed,0,200,0.345,0.275,0.41
mar,romanised,6,seed,0,200,0.025,0.005,0.045
mar,noncanonical,6,seed,0,200,0.085,0.05,0.125
mar,native,7,seed,0,200,0.375,0.305,0.44
mar,romanised,7,seed,0,200,0.015,0.0,0.035
mar,noncanonical,7,seed,0,200,0.08,0.045,0.12
mar,native,8,seed,0,200,0.44,0.37,0.505
mar,romanised,8,seed,0,200,0.025,0.005,0.045
mar,noncanonical,8,seed,0,200,0.065,0.035,0.1
mar,native,9,seed,0,200,0.58,0.505,0.64
mar,romanised,9,seed,0,200,0.02,0.005,0.04
mar,noncanonical,9,seed,0,200,0.06,0.03,0.095
mar,native,10,seed,0,200,0.59,0.52,0.65
mar,romanised,10,seed,0,200,0.015,0.0,0.035
mar,noncanonical,10,seed,0,200,0.05,0.02,0.08
mar,native,11,seed,0,200,0.66,0.59,0.715
mar,romanised,11,seed,0,200,0.02,0.005,0.04
mar,noncanonical,11,seed,0,200,0.07,0.035,0.105
mar,native,12,seed,0,200,0.67,0.5970792401364864,0.725
mar,romanised,12,seed,0,200,0.01,0.0,0.025
mar,noncanonical,12,seed,0,200,0.12,0.075,0.165
mar,native,13,seed,0,200,0.64,0.565,0.7
mar,romanised,13,seed,0,200,0.015,0.0,0.035
mar,noncanonical,13,seed,0,200,0.165,0.11429665688373895,0.215
mar,native,14,seed,0,200,0.55,0.47,0.61
mar,romanised,14,seed,0,200,0.01,0.0,0.025
mar,noncanonical,14,seed,0,200,0.18,0.125,0.23
mar,native,15,seed,0,200,0.64,0.565,0.695
mar,romanised,15,seed,0,200,0.02,0.005,0.04
mar,noncanonical,15,seed,0,200,0.22,0.16,0.275
mar,native,16,seed,0,200,0.67,0.595,0.7287962280682052
mar,romanised,16,seed,0,200,0.02,0.005,0.04
mar,noncanonical,16,seed,0,200,0.135,0.085,0.18
mar,native,17,seed,0,200,0.685,0.61,0.7358408878554644
mar,romanised,17,seed,0,200,0.03,0.01,0.055
mar,noncanonical,17,seed,0,200,0.095,0.055,0.135
mar,native,18,seed,0,200,0.675,0.6,0.73
mar,romanised,18,seed,0,200,0.015,0.0,0.03
mar,noncanonical,18,seed,0,200,0.055,0.025,0.09
mar,native,19,seed,0,200,0.695,0.62,0.75
mar,romanised,19,seed,0,200,0.04,0.015,0.07
mar,noncanonical,19,seed,0,200,0.145,0.1,0.19
mar,native,20,seed,0,200,0.66,0.585,0.715
mar,romanised,20,seed,0,200,0.05,0.02,0.08
mar,noncanonical,20,seed,0,200,0.165,0.115,0.215
mar,native,21,seed,0,200,0.595,0.5197551313883857,0.655
mar,romanised,21,seed,0,200,0.03,0.01,0.055
mar,noncanonical,21,seed,0,200,0.21,0.155,0.265
mar,native,22,seed,0,200,0.445,0.37,0.515
mar,romanised,22,seed,0,200,0.005,0.0,0.015
mar,noncanonical,22,seed,0,200,0.135,0.085,0.18
mar,native,23,seed,0,200,0.375,0.305,0.44
mar,romanised,23,seed,0,200,0.005,0.0,0.015
mar,noncanonical,23,seed,0,200,0.105,0.065,0.145
mar,native,24,seed,0,200,0.23,0.17,0.29
mar,romanised,24,seed,0,200,0.005,0.0,0.015
mar,noncanonical,24,seed,0,200,0.1,0.06,0.14
hin,native,0,seed,0,200,0.015,0.0,0.035
hin,romanised,0,seed,0,200,0.015,0.0,0.035
hin,noncanonical,0,seed,0,200,0.005,0.0,0.015
hin,native,1,seed,0,200,0.02,0.005,0.04
hin,romanised,1,seed,0,200,0.015,0.0,0.03
hin,noncanonical,1,seed,0,200,0.01,0.0,0.03
hin,native,2,seed,0,200,0.07,0.035,0.11
hin,romanised,2,seed,0,200,0.035,0.01,0.06
hin,noncanonical,2,seed,0,200,0.01,0.0,0.03
hin,native,3,seed,0,200,0.15,0.1,0.2
hin,romanised,3,seed,0,200,0.03,0.01,0.055
hin,noncanonical,3,seed,0,200,0.035,0.01,0.06
hin,native,4,seed,0,200,0.25,0.19,0.31
hin,romanised,4,seed,0,200,0.015,0.0,0.035
hin,noncanonical,4,seed,0,200,0.06,0.03,0.095
hin,native,5,seed,0,200,0.35,0.285,0.415
hin,romanised,5,seed,0,200,0.025,0.005,0.05
hin,noncanonical,5,seed,0,200,0.095,0.055,0.14
hin,native,6,seed,0,200,0.5,0.425,0.57
hin,romanised,6,seed,0,200,0.02,0.005,0.045
hin,noncanonical,6,seed,0,200,0.08,0.045,0.12
hin,native,7,seed,0,200,0.55,0.48,0.62
hin,romanised,7,seed,0,200,0.025,0.005,0.05
hin,noncanonical,7,seed,0,200,0.09,0.05,0.13
hin,native,8,seed,0,200,0.605,0.53,0.67
hin,romanised,8,seed,0,200,0.025,0.005,0.05
hin,noncanonical,8,seed,0,200,0.05,0.025,0.08
hin,native,9,seed,0,200,0.695,0.625,0.75
hin,romanised,9,seed,0,200,0.02,0.005,0.04
hin,noncanonical,9,seed,0,200,0.07,0.035,0.105
hin,native,10,seed,0,200,0.715,0.645,0.77
hin,romanised,10,seed,0,200,0.035,0.01,0.06
hin,noncanonical,10,seed,0,200,0.075,0.04,0.115
hin,native,11,seed,0,200,0.725,0.66,0.78
hin,romanised,11,seed,0,200,0.05,0.02,0.08
hin,noncanonical,11,seed,0,200,0.11,0.07,0.16
hin,native,12,seed,0,200,0.73,0.665,0.785
hin,romanised,12,seed,0,200,0.05,0.02,0.08
hin,noncanonical,12,seed,0,200,0.12,0.08,0.165
hin,native,13,seed,0,200,0.72,0.65,0.775
hin,romanised,13,seed,0,200,0.065,0.033909425788340004,0.1
hin,noncanonical,13,seed,0,200,0.19,0.135,0.25
hin,native,14,seed,0,200,0.73,0.66,0.78
hin,romanised,14,seed,0,200,0.06,0.03,0.09
hin,noncanonical,14,seed,0,200,0.175,0.12,0.23
hin,native,15,seed,0,200,0.73,0.66,0.785
hin,romanised,15,seed,0,200,0.065,0.035,0.1
hin,noncanonical,15,seed,0,200,0.21,0.15,0.265
hin,native,16,seed,0,200,0.7,0.63,0.76
hin,romanised,16,seed,0,200,0.05,0.02,0.08
hin,noncanonical,16,seed,0,200,0.085,0.05,0.125
hin,native,17,seed,0,200,0.705,0.635,0.765
hin,romanised,17,seed,0,200,0.05,0.02,0.08
hin,noncanonical,17,seed,0,200,0.08,0.045,0.12
hin,native,18,seed,0,200,0.68,0.615,0.74
hin,romanised,18,seed,0,200,0.05,0.02,0.08
hin,noncanonical,18,seed,0,200,0.05,0.02,0.08
hin,native,19,seed,0,200,0.7,0.6303946372626316,0.76
hin,romanised,19,seed,0,200,0.085,0.05,0.125
hin,noncanonical,19,seed,0,200,0.18,0.125,0.235
hin,native,20,seed,0,200,0.705,0.635,0.765
hin,romanised,20,seed,0,200,0.07,0.035,0.105
hin,noncanonical,20,seed,0,200,0.12,0.075,0.165
hin,native,21,seed,0,200,0.71,0.64,0.765
hin,romanised,21,seed,0,200,0.03,0.01,0.055
hin,noncanonical,21,seed,0,200,0.115,0.07,0.16
hin,native,22,seed,0,200,0.68,0.615,0.74
hin,romanised,22,seed,0,200,0.05,0.02,0.08
hin,noncanonical,22,seed,0,200,0.065,0.03,0.095
hin,native,23,seed,0,200,0.65,0.5765427373020975,0.705
hin,romanised,23,seed,0,200,0.02,0.005,0.04
hin,noncanonical,23,seed,0,200,0.04,0.015,0.065
hin,native,24,seed,0,200,0.505,0.43,0.57
hin,romanised,24,seed,0,200,0.02,0.005,0.045
hin,noncanonical,24,seed,0,200,0.065,0.035,0.1
guj,native,0,seed,1,200,0.01,0.0,0.025
guj,romanised,0,seed,1,200,0.075,0.04,0.115
guj,noncanonical,0,seed,1,200,0.015,0.0,0.03
guj,native,1,seed,1,200,0.015,0.0,0.035
guj,romanised,1,seed,1,200,0.035,0.01,0.06
guj,noncanonical,1,seed,1,200,0.01,0.0,0.025
guj,native,2,seed,1,200,0.035,0.015,0.065
guj,romanised,2,seed,1,200,0.04,0.015,0.065
guj,noncanonical,2,seed,1,200,0.02,0.005,0.04
guj,native,3,seed,1,200,0.075,0.04,0.11
guj,romanised,3,seed,1,200,0.02,0.005,0.04
guj,noncanonical,3,seed,1,200,0.025,0.005,0.05
guj,native,4,seed,1,200,0.135,0.09,0.185
guj,romanised,4,seed,1,200,0.02,0.005,0.04
guj,noncanonical,4,seed,1,200,0.045,0.02,0.075
guj,native,5,seed,1,200,0.255,0.19,0.315
guj,romanised,5,seed,1,200,0.02,0.005,0.04
guj,noncanonical,5,seed,1,200,0.045,0.02,0.075
guj,native,6,seed,1,200,0.335,0.265,0.395
guj,romanised,6,seed,1,200,0.03,0.01,0.055
guj,noncanonical,6,seed,1,200,0.04,0.015,0.065
guj,native,7,seed,1,200,0.395,0.32,0.46
guj,romanised,7,seed,1,200,0.03,0.01,0.055
guj,noncanonical,7,seed,1,200,0.055,0.025,0.085
guj,native,8,seed,1,200,0.41,0.335,0.475
guj,romanised,8,seed,1,200,0.035,0.01,0.06
guj,noncanonical,8,seed,1,200,0.025,0.005,0.045
guj,native,9,seed,1,200,0.595,0.525,0.66
guj,romanised,9,seed,1,200,0.025,0.005,0.05
guj,noncanonical,9,seed,1,200,0.055,0.025,0.085
guj,native,10,seed,1,200,0.625,0.555,0.69
guj,romanised,10,seed,1,200,0.015,0.0,0.035
guj,noncanonical,10,seed,1,200,0.055,0.025,0.09
guj,native,11,seed,1,200,0.68,0.61,0.74
guj,romanised,11,seed,1,200,0.02,0.005,0.04
guj,noncanonical,11,seed,1,200,0.06,0.03,0.0909930272759425
guj,native,12,seed,1,200,0.71,0.64,0.765
guj,romanised,12,seed,1,200,0.03,0.01,0.055
guj,noncanonical,12,seed,1,200,0.065,0.03,0.1
guj,native,13,seed,1,200,0.695,0.625,0.755
guj,romanised,13,seed,1,200,0.015,0.0,0.035
guj,noncanonical,13,seed,1,200,0.095,0.055,0.135
guj,native,14,seed,1,200,0.675,0.605,0.735
guj,romanised,14,seed,1,200,0.02,0.0,0.04
guj,noncanonical,14,seed,1,200,0.115,0.07,0.155
guj,native,15,seed,1,200,0.69,0.62,0.745
guj,romanised,15,seed,1,200,0.035,0.01,0.06
guj,noncanonical,15,seed,1,200,0.13,0.08,0.175
guj,native,16,seed,1,200,0.715,0.65,0.77
guj,romanised,16,seed,1,200,0.035,0.01,0.06
guj,noncanonical,16,seed,1,200,0.07,0.035,0.105
guj,native,17,seed,1,200,0.7,0.635,0.755
guj,romanised,17,seed,1,200,0.035,0.01,0.06
guj,noncanonical,17,seed,1,200,0.07,0.035,0.105
guj,native,18,seed,1,200,0.7,0.63,0.755
guj,romanised,18,seed,1,200,0.02,0.005,0.04
guj,noncanonical,18,seed,1,200,0.05,0.02,0.08
guj,native,19,seed,1,200,0.705,0.635,0.76
guj,romanised,19,seed,1,200,0.035,0.01,0.06
guj,noncanonical,19,seed,1,200,0.095,0.055,0.135
guj,native,20,seed,1,200,0.705,0.6376030421406823,0.76
guj,romanised,20,seed,1,200,0.04,0.015,0.065
guj,noncanonical,20,seed,1,200,0.105,0.06,0.145
guj,native,21,seed,1,200,0.71,0.64,0.765
guj,romanised,21,seed,1,200,0.02,0.005,0.04
guj,noncanonical,21,seed,1,200,0.1,0.055,0.14
guj,native,22,seed,1,200,0.615,0.545,0.675
guj,romanised,22,seed,1,200,0.04,0.015,0.07
guj,noncanonical,22,seed,1,200,0.065,0.03,0.1
guj,native,23,seed,1,200,0.455,0.385,0.52
guj,romanised,23,seed,1,200,0.035,0.01,0.06
guj,noncanonical,23,seed,1,200,0.055,0.025,0.09
guj,native,24,seed,1,200,0.36,0.285,0.42
guj,romanised,24,seed,1,200,0.025,0.005,0.05
guj,noncanonical,24,seed,1,200,0.04,0.015,0.07
tam,native,0,seed,1,200,0.005,0.0,0.015
tam,romanised,0,seed,1,200,0.005,0.0,0.015
tam,noncanonical,0,seed,1,200,0.005,0.0,0.015
tam,native,1,seed,1,200,0.05,0.02,0.08
tam,romanised,1,seed,1,200,0.005,0.0,0.015
tam,noncanonical,1,seed,1,200,0.01,0.0,0.025
tam,native,2,seed,1,200,0.08,0.045,0.1168848292487155
tam,romanised,2,seed,1,200,0.01,0.0,0.025
tam,noncanonical,2,seed,1,200,0.025,0.005,0.05
tam,native,3,seed,1,200,0.135,0.085,0.18
tam,romanised,3,seed,1,200,0.01,0.0,0.025
tam,noncanonical,3,seed,1,200,0.04,0.015,0.07
tam,native,4,seed,1,200,0.175,0.12,0.225
tam,romanised,4,seed,1,200,0.01,0.0,0.025
tam,noncanonical,4,seed,1,200,0.045,0.02,0.075
tam,native,5,seed,1,200,0.23,0.17,0.285
tam,romanised,5,seed,1,200,0.01,0.0,0.025
tam,noncanonical,5,seed,1,200,0.045,0.02,0.075
tam,native,6,seed,1,200,0.275,0.2128414796684334,0.335
tam,romanised,6,seed,1,200,0.01,0.0,0.025
tam,noncanonical,6,seed,1,200,0.055,0.025,0.09
tam,native,7,seed,1,200,0.32,0.255,0.385
tam,romanised,7,seed,1,200,0.005,0.0,0.015
tam,noncanonical,7,seed,1,200,0.055,0.025,0.085
tam,native,8,seed,1,200,0.36,0.285,0.42
tam,romanised,8,seed,1,200,0.015,0.0,0.035
tam,noncanonical,8,seed,1,200,0.03,0.01,0.055
tam,native,9,seed,1,200,0.47,0.395,0.535
tam,romanised,9,seed,1,200,0.01,0.0,0.025
tam,noncanonical,9,seed,1,200,0.055,0.025,0.085
tam,native,10,seed,1,200,0.56,0.485,0.62
tam,romanised,10,seed,1,200,0.01,0.0,0.025
tam,noncanonical,10,seed,1,200,0.06,0.03,0.095
tam,native,11,seed,1,200,0.61,0.535,0.67
tam,romanised,11,seed,1,200,0.015,0.0,0.035
tam,noncanonical,11,seed,1,200,0.09,0.05,0.13
tam,native,12,seed,1,200,0.625,0.55,0.685
tam,romanised,12,seed,1,200,0.015,0.0,0.035
tam,noncanonical,12,seed,1,200,0.05,0.02,0.08
tam,native,13,seed,1,200,0.545,0.47,0.61
tam,romanised,13,seed,1,200,0.02,0.005,0.04
tam,noncanonical,13,seed,1,200,0.14,0.095,0.19
tam,native,14,seed,1,200,0.515,0.44,0.58
tam,romanised,14,seed,1,200,0.015,0.0,0.035
tam,noncanonical,14,seed,1,200,0.14,0.095,0.19
tam,native,15,seed,1,200,0.59,0.5131994351028892,0.65
tam,romanised,15,seed,1,200,0.025,0.005,0.05
tam,noncanonical,15,seed,1,200,0.165,0.115,0.22
tam,native,16,seed,1,200,0.595,0.525,0.655
tam,romanised,16,seed,1,200,0.02,0.005,0.04
tam,noncanonical,16,seed,1,200,0.085,0.045,0.125
tam,native,17,seed,1,200,0.6,0.525,0.66
tam,romanised,17,seed,1,200,0.02,0.005,0.04
tam,noncanonical,17,seed,1,200,0.095,0.055,0.135
tam,native,18,seed,1,200,0.61,0.54,0.67
tam,romanised,18,seed,1,200,0.015,0.0,0.035
tam,noncanonical,18,seed,1,200,0.05,0.02,0.08
tam,native,19,seed,1,200,0.62,0.545,0.68
tam,romanised,19,seed,1,200,0.02,0.005,0.04
tam,noncanonical,19,seed,1,200,0.145,0.095,0.195
tam,native,20,seed,1,200,0.595,0.515,0.66
tam,romanised,20,seed,1,200,0.03,0.01,0.055
tam,noncanonical,20,seed,1,200,0.145,0.1,0.195
tam,native,21,seed,1,200,0.595,0.52,0.655
tam,romanised,21,seed,1,200,0.04,0.015,0.07
tam,noncanonical,21,seed,1,200,0.11,0.065,0.155
tam,native,22,seed,1,200,0.53,0.45633867889869506,0.595
tam,romanised,22,seed,1,200,0.015,0.0,0.035
tam,noncanonical,22,seed,1,200,0.09,0.05,0.13
tam,native,23,seed,1,200,0.51,0.435,0.575
tam,romanised,23,seed,1,200,0.005,0.0,0.015
tam,noncanonical,23,seed,1,200,0.085,0.05,0.125
tam,native,24,seed,1,200,0.355,0.29,0.425
tam,romanised,24,seed,1,200,0.01,0.0,0.025
tam,noncanonical,24,seed,1,200,0.04,0.015,0.07
mal,native,0,seed,1,200,0.015,0.0,0.035
mal,romanised,0,seed,1,200,0.03,0.01,0.055
mal,noncanonical,0,seed,1,200,0.005,0.0,0.015
mal,native,1,seed,1,200,0.035,0.01,0.065
mal,romanised,1,seed,1,200,0.015,0.0,0.035
mal,noncanonical,1,seed,1,200,0.005,0.0,0.015
mal,native,2,seed,1,200,0.04,0.015,0.07
mal,romanised,2,seed,1,200,0.02,0.005,0.04
mal,noncanonical,2,seed,1,200,0.005,0.0,0.015
mal,native,3,seed,1,200,0.08,0.045,0.12
mal,romanised,3,seed,1,200,0.015,0.0,0.035
mal,noncanonical,3,seed,1,200,0.005,0.0,0.015
mal,native,4,seed,1,200,0.115,0.07,0.16
mal,romanised,4,seed,1,200,0.02,0.005,0.04
mal,noncanonical,4,seed,1,200,0.015,0.0,0.035
mal,native,5,seed,1,200,0.235,0.175,0.29
mal,romanised,5,seed,1,200,0.02,0.005,0.04
mal,noncanonical,5,seed,1,200,0.035,0.01,0.06
mal,native,6,seed,1,200,0.3,0.23,0.36
mal,romanised,6,seed,1,200,0.025,0.005,0.045
mal,noncanonical,6,seed,1,200,0.04,0.015,0.07
mal,native,7,seed,1,200,0.355,0.29,0.42
mal,romanised,7,seed,1,200,0.025,0.005,0.045
mal,noncanonical,7,seed,1,200,0.04,0.015,0.07
mal,native,8,seed,1,200,0.365,0.295,0.43040530666740434
mal,romanised,8,seed,1,200,0.035,0.01,0.06
mal,noncanonical,8,seed,1,200,0.04,0.015,0.07
mal,native,9,seed,1,200,0.5,0.425,0.565
mal,romanised,9,seed,1,200,0.035,0.015,0.065
mal,noncanonical,9,seed,1,200,0.06,0.03,0.095
mal,native,10,seed,1,200,0.545,0.47,0.61
mal,romanised,10,seed,1,200,0.015,0.0,0.03
mal,noncanonical,10,seed,1,200,0.05,0.02,0.08
mal,native,11,seed,1,200,0.605,0.53,0.67
mal,romanised,11,seed,1,200,0.015,0.0,0.03
mal,noncanonical,11,seed,1,200,0.06,0.03,0.095
mal,native,12,seed,1,200,0.645,0.575,0.705
mal,romanised,12,seed,1,200,0.015,0.0,0.035
mal,noncanonical,12,seed,1,200,0.08,0.045,0.12
mal,native,13,seed,1,200,0.56,0.485,0.625
mal,romanised,13,seed,1,200,0.02,0.005,0.04
mal,noncanonical,13,seed,1,200,0.125,0.075,0.17
mal,native,14,seed,1,200,0.56,0.49,0.625
mal,romanised,14,seed,1,200,0.015,0.0,0.035
mal,noncanonical,14,seed,1,200,0.155,0.10764729459427368,0.205
mal,native,15,seed,1,200,0.63,0.56,0.695
mal,romanised,15,seed,1,200,0.015,0.0,0.03
mal,noncanonical,15,seed,1,200,0.155,0.105,0.2
mal,native,16,seed,1,200,0.595,0.525,0.66
mal,romanised,16,seed,1,200,0.015,0.0,0.035
mal,noncanonical,16,seed,1,200,0.095,0.055,0.13
mal,native,17,seed,1,200,0.635,0.565,0.7
mal,romanised,17,seed,1,200,0.015,0.0,0.035
mal,noncanonical,17,seed,1,200,0.1,0.055,0.14
mal,native,18,seed,1,200,0.635,0.565,0.695
mal,romanised,18,seed,1,200,0.01,0.0,0.025
mal,noncanonical,18,seed,1,200,0.05,0.02,0.08
mal,native,19,seed,1,200,0.635,0.56,0.695
mal,romanised,19,seed,1,200,0.03,0.01,0.055
mal,noncanonical,19,seed,1,200,0.125,0.08,0.17
mal,native,20,seed,1,200,0.64,0.57,0.7
mal,romanised,20,seed,1,200,0.04,0.015,0.07
mal,noncanonical,20,seed,1,200,0.14,0.09,0.185
mal,native,21,seed,1,200,0.635,0.565,0.7
mal,romanised,21,seed,1,200,0.025,0.005,0.05
mal,noncanonical,21,seed,1,200,0.145,0.095,0.19
mal,native,22,seed,1,200,0.54,0.465,0.605
mal,romanised,22,seed,1,200,0.02,0.005,0.04
mal,noncanonical,22,seed,1,200,0.11,0.07,0.155
mal,native,23,seed,1,200,0.505,0.43,0.57
mal,romanised,23,seed,1,200,0.025,0.005,0.05
mal,noncanonical,23,seed,1,200,0.07,0.035,0.105
mal,native,24,seed,1,200,0.345,0.275,0.41
mal,romanised,24,seed,1,200,0.015,0.0,0.035
mal,noncanonical,24,seed,1,200,0.06,0.03,0.09
mar,native,0,seed,1,200,0.015,0.0,0.035
mar,romanised,0,seed,1,200,0.025,0.005,0.05
mar,noncanonical,0,seed,1,200,0.005,0.0,0.015
mar,native,1,seed,1,200,0.005,0.0,0.015
mar,romanised,1,seed,1,200,0.035,0.01,0.06
mar,noncanonical,1,seed,1,200,0.01,0.0,0.025
mar,native,2,seed,1,200,0.065,0.03,0.1
mar,romanised,2,seed,1,200,0.045,0.02,0.075
mar,noncanonical,2,seed,1,200,0.035,0.01,0.06
mar,native,3,seed,1,200,0.11,0.065,0.15
mar,romanised,3,seed,1,200,0.03,0.01,0.055
mar,noncanonical,3,seed,1,200,0.035,0.01,0.06
mar,native,4,seed,1,200,0.215,0.155,0.2681891576930582
mar,romanised,4,seed,1,200,0.025,0.005,0.05
mar,noncanonical,4,seed,1,200,0.03,0.01,0.055
mar,native,5,seed,1,200,0.305,0.235,0.36
mar,romanised,5,seed,1,200,0.02,0.005,0.04
mar,noncanonical,5,seed,1,200,0.05,0.02,0.08
mar,native,6,seed,1,200,0.37,0.3,0.43
mar,romanised,6,seed,1,200,0.035,0.01,0.06
mar,noncanonical,6,seed,1,200,0.055,0.025,0.085
mar,native,7,seed,1,200,0.435,0.36,0.495
mar,romanised,7,seed,1,200,0.02,0.005,0.04
mar,noncanonical,7,seed,1,200,0.045,0.02,0.075
mar,native,8,seed,1,200,0.475,0.4,0.54
mar,romanised,8,seed,1,200,0.03,0.01,0.055
mar,noncanonical,8,seed,1,200,0.035,0.01,0.06
mar,native,9,seed,1,200,0.605,0.53,0.67
mar,romanised,9,seed,1,200,0.02,0.005,0.045
mar,noncanonical,9,seed,1,200,0.04,0.015,0.07
mar,native,10,seed,1,200,0.625,0.55,0.685
mar,romanised,10,seed,1,200,0.025,0.005,0.05
mar,noncanonical,10,seed,1,200,0.03,0.01,0.055
mar,native,11,seed,1,200,0.69,0.615,0.75
mar,romanised,11,seed,1,200,0.03,0.01,0.055
mar,noncanonical,11,seed,1,200,0.045,0.02,0.075
mar,native,12,seed,1,200,0.72,0.65,0.775
mar,romanised,12,seed,1,200,0.02,0.005,0.04
mar,noncanonical,12,seed,1,200,0.08,0.045,0.12
mar,native,13,seed,1,200,0.65,0.57,0.71
mar,romanised,13,seed,1,200,0.02,0.005,0.04
mar,noncanonical,13,seed,1,200,0.12,0.075,0.165
mar,native,14,seed,1,200,0.585,0.505,0.64
mar,romanised,14,seed,1,200,0.02,0.005,0.04
mar,noncanonical,14,seed,1,200,0.15,0.1,0.2
mar,native,15,seed,1,200,0.65,0.5758391030245736,0.71
mar,romanised,15,seed,1,200,0.025,0.005,0.05
mar,noncanonical,15,seed,1,200,0.2,0.14,0.25
mar,native,16,seed,1,200,0.675,0.6,0.73
mar,romanised,16,seed,1,200,0.025,0.005,0.05
mar,noncanonical,16,seed,1,200,0.115,0.07,0.165
mar,native,17,seed,1,200,0.7,0.625,0.755
mar,romanised,17,seed,1,200,0.03,0.01,0.055
mar,noncanonical,17,seed,1,200,0.13,0.085,0.17878250018022412
mar,native,18,seed,1,200,0.685,0.615,0.745
mar,romanised,18,seed,1,200,0.025,0.005,0.045
mar,noncanonical,18,seed,1,200,0.085,0.05,0.125
mar,native,19,seed,1,200,0.69,0.62,0.75
mar,romanised,19,seed,1,200,0.035,0.01,0.06
mar,noncanonical,19,seed,1,200,0.18,0.125,0.23
mar,native,20,seed,1,200,0.685,0.61,0.745
mar,romanised,20,seed,1,200,0.025,0.005,0.05
mar,noncanonical,20,seed,1,200,0.19,0.135,0.2449675774508387
mar,native,21,seed,1,200,0.595,0.52,0.65
mar,romanised,21,seed,1,200,0.02,0.005,0.04
mar,noncanonical,21,seed,1,200,0.215,0.16,0.27
mar,native,22,seed,1,200,0.44,0.37,0.505
mar,romanised,22,seed,1,200,0.015,0.0,0.035
mar,noncanonical,22,seed,1,200,0.115,0.075,0.16
mar,native,23,seed,1,200,0.385,0.315,0.45
mar,romanised,23,seed,1,200,0.015,0.0,0.035
mar,noncanonical,23,seed,1,200,0.07,0.035,0.105
mar,native,24,seed,1,200,0.245,0.18,0.3
mar,romanised,24,seed,1,200,0.02,0.005,0.04
mar,noncanonical,24,seed,1,200,0.065,0.03,0.1
hin,native,0,seed,1,200,0.015,0.0,0.035
hin,romanised,0,seed,1,200,0.045,0.02,0.075
hin,noncanonical,0,seed,1,200,0.01,0.0,0.025
hin,native,1,seed,1,200,0.02,0.005,0.04
hin,romanised,1,seed,1,200,0.03,0.01,0.055
hin,noncanonical,1,seed,1,200,0.015,0.0,0.035
hin,native,2,seed,1,200,0.07,0.035,0.105
hin,romanised,2,seed,1,200,0.05,0.02,0.085
hin,noncanonical,2,seed,1,200,0.035,0.01,0.06
hin,native,3,seed,1,200,0.15,0.1,0.2
hin,romanised,3,seed,1,200,0.03,0.01,0.055
hin,noncanonical,3,seed,1,200,0.06,0.03,0.095
hin,native,4,seed,1,200,0.24,0.18,0.295
hin,romanised,4,seed,1,200,0.02,0.005,0.04
hin,noncanonical,4,seed,1,200,0.055,0.025,0.085
hin,native,5,seed,1,200,0.36,0.29,0.425
hin,romanised,5,seed,1,200,0.03,0.01,0.055
hin,noncanonical,5,seed,1,200,0.05,0.02,0.085
hin,native,6,seed,1,200,0.5,0.425,0.565
hin,romanised,6,seed,1,200,0.03,0.01,0.055
hin,noncanonical,6,seed,1,200,0.065,0.03,0.1
hin,native,7,seed,1,200,0.575,0.505,0.635
hin,romanised,7,seed,1,200,0.03,0.01,0.055
hin,noncanonical,7,seed,1,200,0.065,0.03,0.1
hin,native,8,seed,1,200,0.62,0.545,0.68
hin,romanised,8,seed,1,200,0.035,0.01,0.06
hin,noncanonical,8,seed,1,200,0.065,0.03,0.1
hin,native,9,seed,1,200,0.71,0.635,0.765
hin,romanised,9,seed,1,200,0.04,0.015,0.07
hin,noncanonical,9,seed,1,200,0.08,0.045,0.12
hin,native,10,seed,1,200,0.73,0.655,0.78
hin,romanised,10,seed,1,200,0.05,0.02,0.08
hin,noncanonical,10,seed,1,200,0.07,0.035,0.11
hin,native,11,seed,1,200,0.74,0.67,0.79
hin,romanised,11,seed,1,200,0.06,0.03,0.095
hin,noncanonical,11,seed,1,200,0.115,0.07042858642846206,0.16
hin,native,12,seed,1,200,0.745,0.675,0.795
hin,romanised,12,seed,1,200,0.065,0.035,0.1
hin,noncanonical,12,seed,1,200,0.185,0.13,0.235
hin,native,13,seed,1,200,0.745,0.675,0.795
hin,romanised,13,seed,1,200,0.085,0.05,0.12
hin,noncanonical,13,seed,1,200,0.175,0.12,0.225
hin,native,14,seed,1,200,0.745,0.675,0.795
hin,romanised,14,seed,1,200,0.08,0.045,0.115
hin,noncanonical,14,seed,1,200,0.2,0.14,0.25
hin,native,15,seed,1,200,0.74,0.67,0.79
hin,romanised,15,seed,1,200,0.085,0.05,0.125
hin,noncanonical,15,seed,1,200,0.22,0.16,0.275
hin,native,16,seed,1,200,0.715,0.645,0.765
hin,romanised,16,seed,1,200,0.04,0.015,0.07
hin,noncanonical,16,seed,1,200,0.115,0.075,0.16
hin,native,17,seed,1,200,0.72,0.65,0.775
hin,romanised,17,seed,1,200,0.05,0.02,0.08
hin,noncanonical,17,seed,1,200,0.105,0.065,0.145
hin,native,18,seed,1,200,0.72,0.65,0.775
hin,romanised,18,seed,1,200,0.04,0.015,0.07
hin,noncanonical,18,seed,1,200,0.11,0.065,0.15
hin,native,19,seed,1,200,0.73,0.66,0.78
hin,romanised,19,seed,1,200,0.085,0.05,0.125
hin,noncanonical,19,seed,1,200,0.255,0.19,0.315
hin,native,20,seed,1,200,0.725,0.655,0.775
hin,romanised,20,seed,1,200,0.095,0.055,0.14
hin,noncanonical,20,seed,1,200,0.245,0.18,0.3
hin,native,21,seed,1,200,0.73,0.66,0.78
hin,romanised,21,seed,1,200,0.04,0.015,0.07
hin,noncanonical,21,seed,1,200,0.215,0.155,0.27
hin,native,22,seed,1,200,0.685,0.61,0.7391472944086752
hin,romanised,22,seed,1,200,0.055,0.025,0.09
hin,noncanonical,22,seed,1,200,0.13,0.08,0.175
hin,native,23,seed,1,200,0.64,0.565,0.7
hin,romanised,23,seed,1,200,0.015,0.0,0.035
hin,noncanonical,23,seed,1,200,0.1,0.06,0.14
hin,native,24,seed,1,200,0.5,0.42970908236704025,0.565
hin,romanised,24,seed,1,200,0.025,0.005,0.05
hin,noncanonical,24,seed,1,200,0.105,0.065,0.15
guj,native,0,seed,2,200,0.015,0.0,0.035
guj,romanised,0,seed,2,200,0.06,0.03,0.09
guj,noncanonical,0,seed,2,200,0.01,0.0,0.025
guj,native,1,seed,2,200,0.02,0.005,0.04
guj,romanised,1,seed,2,200,0.035,0.01,0.06
guj,noncanonical,1,seed,2,200,0.015,0.0,0.035
guj,native,2,seed,2,200,0.025,0.005,0.05
guj,romanised,2,seed,2,200,0.05,0.02,0.08
guj,noncanonical,2,seed,2,200,0.02,0.005,0.04
guj,native,3,seed,2,200,0.065,0.03,0.1
guj,romanised,3,seed,2,200,0.025,0.005,0.05
guj,noncanonical,3,seed,2,200,0.03,0.01,0.055
guj,native,4,seed,2,200,0.125,0.08,0.17
guj,romanised,4,seed,2,200,0.025,0.005,0.05
guj,noncanonical,4,seed,2,200,0.05,0.02,0.08
guj,native,5,seed,2,200,0.23,0.175,0.29
guj,romanised,5,seed,2,200,0.02,0.005,0.04
guj,noncanonical,5,seed,2,200,0.05,0.02,0.085
guj,native,6,seed,2,200,0.33,0.265,0.39
guj,romanised,6,seed,2,200,0.035,0.01,0.06
guj,noncanonical,6,seed,2,200,0.06,0.03,0.095
guj,native,7,seed,2,200,0.385,0.31925772880530745,0.45
guj,romanised,7,seed,2,200,0.03,0.01,0.055
guj,noncanonical,7,seed,2,200,0.045,0.02,0.075
guj,native,8,seed,2,200,0.405,0.335,0.47
guj,romanised,8,seed,2,200,0.04,0.015,0.07
guj,noncanonical,8,seed,2,200,0.03,0.01,0.055
guj,native,9,seed,2,200,0.585,0.51,0.65
guj,romanised,9,seed,2,200,0.03,0.01,0.055
guj,noncanonical,9,seed,2,200,0.04,0.015,0.065
guj,native,10,seed,2,200,0.645,0.57,0.705
guj,romanised,10,seed,2,200,0.025,0.005,0.045
guj,noncanonical,10,seed,2,200,0.05,0.02,0.08
guj,native,11,seed,2,200,0.69,0.615,0.745
guj,romanised,11,seed,2,200,0.025,0.005,0.045
guj,noncanonical,11,seed,2,200,0.055,0.025,0.09
guj,native,12,seed,2,200,0.71,0.64,0.765
guj,romanised,12,seed,2,200,0.025,0.005,0.045
guj,noncanonical,12,seed,2,200,0.045,0.02,0.075
guj,native,13,seed,2,200,0.7,0.63,0.7596146225110977
guj,romanised,13,seed,2,200,0.015,0.0,0.031860755875807174
guj,noncanonical,13,seed,2,200,0.1,0.06,0.14
guj,native,14,seed,2,200,0.675,0.595,0.73
guj,romanised,14,seed,2,200,0.01,0.0,0.025
guj,noncanonical,14,seed,2,200,0.11,0.07,0.155
guj,native,15,seed,2,200,0.71,0.64,0.765
guj,romanised,15,seed,2,200,0.02,0.005,0.04
guj,noncanonical,15,seed,2,200,0.125,0.08,0.17
guj,native,16,seed,2,200,0.7,0.62,0.755
guj,romanised,16,seed,2,200,0.03,0.01,0.055
guj,noncanonical,16,seed,2,200,0.045,0.02,0.075
guj,native,17,seed,2,200,0.69,0.615,0.745
guj,romanised,17,seed,2,200,0.035,0.01,0.065
guj,noncanonical,17,seed,2,200,0.04,0.015,0.07
guj,native,18,seed,2,200,0.68,0.61,0.74
guj,romanised,18,seed,2,200,0.02,0.005,0.04
guj,noncanonical,18,seed,2,200,0.03,0.01,0.055
guj,native,19,seed,2,200,0.705,0.63,0.765
guj,romanised,19,seed,2,200,0.05,0.02,0.085
guj,noncanonical,19,seed,2,200,0.09,0.05,0.13
guj,native,20,seed,2,200,0.695,0.625,0.75
guj,romanised,20,seed,2,200,0.045,0.02,0.075
guj,noncanonical,20,seed,2,200,0.105,0.06,0.145
guj,native,21,seed,2,200,0.71,0.64,0.76
guj,romanised,21,seed,2,200,0.035,0.01,0.06
guj,noncanonical,21,seed,2,200,0.09,0.05,0.13
guj,native,22,seed,2,200,0.6,0.52,0.66
guj,romanised,22,seed,2,200,0.015,0.0,0.035
guj,noncanonical,22,seed,2,200,0.08,0.045,0.115
guj,native,23,seed,2,200,0.44,0.365,0.505
guj,romanised,23,seed,2,200,0.02,0.005,0.04
guj,noncanonical,23,seed,2,200,0.085,0.05,0.12
guj,native,24,seed,2,200,0.375,0.3,0.435
guj,romanised,24,seed,2,200,0.015,0.0,0.035
guj,noncanonical,24,seed,2,200,0.04,0.015,0.07
tam,native,0,seed,2,200,0.01,0.0,0.025
tam,romanised,0,seed,2,200,0.005,0.0,0.015
tam,noncanonical,0,seed,2,200,0.01,0.0,0.025
tam,native,1,seed,2,200,0.03,0.01,0.055
tam,romanised,1,seed,2,200,0.01,0.0,0.025
tam,noncanonical,1,seed,2,200,0.005,0.0,0.015
tam,native,2,seed,2,200,0.055,0.025,0.085
tam,romanised,2,seed,2,200,0.005,0.0,0.015
tam,noncanonical,2,seed,2,200,0.01,0.0,0.025
tam,native,3,seed,2,200,0.08,0.045,0.115
tam,romanised,3,seed,2,200,0.005,0.0,0.015
tam,noncanonical,3,seed,2,200,0.01,0.0,0.025
tam,native,4,seed,2,200,0.09,0.05,0.13
tam,romanised,4,seed,2,200,0.005,0.0,0.015
tam,noncanonical,4,seed,2,200,0.01,0.0,0.025
tam,native,5,seed,2,200,0.16,0.105,0.21
tam,romanised,5,seed,2,200,0.005,0.0,0.015
tam,noncanonical,5,seed,2,200,0.02,0.005,0.04
tam,native,6,seed,2,200,0.23,0.17,0.285
tam,romanised,6,seed,2,200,0.005,0.0,0.015
tam,noncanonical,6,seed,2,200,0.015,0.0,0.035
tam,native,7,seed,2,200,0.31,0.24,0.37
tam,romanised,7,seed,2,200,0.005,0.0,0.015
tam,noncanonical,7,seed,2,200,0.025,0.005,0.04644825288537163
tam,native,8,seed,2,200,0.365,0.295,0.43
tam,romanised,8,seed,2,200,0.005,0.0,0.015
tam,noncanonical,8,seed,2,200,0.02,0.005,0.04
tam,native,9,seed,2,200,0.495,0.42,0.555
tam,romanised,9,seed,2,200,0.005,0.0,0.015
tam,noncanonical,9,seed,2,200,0.025,0.005,0.05
tam,native,10,seed,2,200,0.565,0.49,0.625
tam,romanised,10,seed,2,200,0.005,0.0,0.015
tam,noncanonical,10,seed,2,200,0.02,0.005,0.04
tam,native,11,seed,2,200,0.61,0.535,0.6673036380474833
tam,romanised,11,seed,2,200,0.005,0.0,0.015
tam,noncanonical,11,seed,2,200,0.025,0.005,0.05
tam,native,12,seed,2,200,0.635,0.555,0.69
tam,romanised,12,seed,2,200,0.005,0.0,0.015
tam,noncanonical,12,seed,2,200,0.02,0.005,0.04
tam,native,13,seed,2,200,0.555,0.48,0.6161532378007507
tam,romanised,13,seed,2,200,0.01,0.0,0.025
tam,noncanonical,13,seed,2,200,0.06,0.03,0.095
tam,native,14,seed,2,200,0.51,0.44,0.575
tam,romanised,14,seed,2,200,0.01,0.0,0.025
tam,noncanonical,14,seed,2,200,0.085,0.05,0.125
tam,native,15,seed,2,200,0.605,0.53,0.665
tam,romanised,15,seed,2,200,0.01,0.0,0.025
tam,noncanonical,15,seed,2,200,0.08,0.045,0.12
tam,native,16,seed,2,200,0.605,0.5347037725400727,0.665
tam,romanised,16,seed,2,200,0.01,0.0,0.025
tam,noncanonical,16,seed,2,200,0.02,0.005,0.04
tam,native,17,seed,2,200,0.63,0.555,0.685
tam,romanised,17,seed,2,200,0.01,0.0,0.025
tam,noncanonical,17,seed,2,200,0.025,0.005,0.05
tam,native,18,seed,2,200,0.625,0.555,0.685
tam,romanised,18,seed,2,200,0.005,0.0,0.015
tam,noncanonical,18,seed,2,200,0.03,0.01,0.055
tam,native,19,seed,2,200,0.64,0.565,0.695
tam,romanised,19,seed,2,200,0.01,0.0,0.025
tam,noncanonical,19,seed,2,200,0.115,0.07,0.16
tam,native,20,seed,2,200,0.615,0.54,0.67
tam,romanised,20,seed,2,200,0.01,0.0,0.025
tam,noncanonical,20,seed,2,200,0.11,0.07,0.155
tam,native,21,seed,2,200,0.635,0.555,0.69
tam,romanised,21,seed,2,200,0.01,0.0,0.025
tam,noncanonical,21,seed,2,200,0.08,0.045,0.12
tam,native,22,seed,2,200,0.56,0.485,0.62
tam,romanised,22,seed,2,200,0.005,0.0,0.015
tam,noncanonical,22,seed,2,200,0.075,0.04,0.115
tam,native,23,seed,2,200,0.49,0.415,0.55
tam,romanised,23,seed,2,200,0.01,0.0,0.025
tam,noncanonical,23,seed,2,200,0.075,0.045,0.11
tam,native,24,seed,2,200,0.345,0.275,0.41
tam,romanised,24,seed,2,200,0.005,0.0,0.015
tam,noncanonical,24,seed,2,200,0.025,0.005,0.045
mal,native,0,seed,2,200,0.015,0.0,0.035
mal,romanised,0,seed,2,200,0.025,0.005,0.045
mal,noncanonical,0,seed,2,200,0.005,0.0,0.015
mal,native,1,seed,2,200,0.035,0.01,0.06
mal,romanised,1,seed,2,200,0.015,0.0,0.035
mal,noncanonical,1,seed,2,200,0.01,0.0,0.025
mal,native,2,seed,2,200,0.04,0.015,0.065
mal,romanised,2,seed,2,200,0.025,0.005,0.05
mal,noncanonical,2,seed,2,200,0.02,0.005,0.04
mal,native,3,seed,2,200,0.075,0.04,0.11
mal,romanised,3,seed,2,200,0.02,0.005,0.04
mal,noncanonical,3,seed,2,200,0.015,0.0,0.035
mal,native,4,seed,2,200,0.11,0.07,0.15
mal,romanised,4,seed,2,200,0.025,0.005,0.05
mal,noncanonical,4,seed,2,200,0.015,0.0,0.03
mal,native,5,seed,2,200,0.215,0.16,0.27
mal,romanised,5,seed,2,200,0.02,0.005,0.04
mal,noncanonical,5,seed,2,200,0.025,0.005,0.05
mal,native,6,seed,2,200,0.295,0.23,0.36
mal,romanised,6,seed,2,200,0.025,0.005,0.045
mal,noncanonical,6,seed,2,200,0.025,0.005,0.05
mal,native,7,seed,2,200,0.325,0.26,0.39
mal,romanised,7,seed,2,200,0.025,0.005,0.05
mal,noncanonical,7,seed,2,200,0.04,0.015,0.07
mal,native,8,seed,2,200,0.355,0.29,0.42
mal,romanised,8,seed,2,200,0.035,0.01,0.06
mal,noncanonical,8,seed,2,200,0.045,0.015,0.075
mal,native,9,seed,2,200,0.495,0.425,0.56
mal,romanised,9,seed,2,200,0.025,0.005,0.05
mal,noncanonical,9,seed,2,200,0.065,0.035,0.105
mal,native,10,seed,2,200,0.545,0.475,0.61
mal,romanised,10,seed,2,200,0.01,0.0,0.025
mal,noncanonical,10,seed,2,200,0.07,0.04,0.105
mal,native,11,seed,2,200,0.59,0.515,0.655
mal,romanised,11,seed,2,200,0.01,0.0,0.025
mal,noncanonical,11,seed,2,200,0.115,0.07,0.155
mal,native,12,seed,2,200,0.63,0.5581674921244707,0.69
mal,romanised,12,seed,2,200,0.01,0.0,0.025
mal,noncanonical,12,seed,2,200,0.135,0.09,0.18
mal,native,13,seed,2,200,0.55,0.475,0.61
mal,romanised,13,seed,2,200,0.015,0.0,0.0328960515585095
mal,noncanonical,13,seed,2,200,0.18,0.125,0.23
mal,native,14,seed,2,200,0.545,0.47,0.61
mal,romanised,14,seed,2,200,0.01,0.0,0.025
mal,noncanonical,14,seed,2,200,0.2,0.145,0.25
mal,native,15,seed,2,200,0.62,0.545,0.685
mal,romanised,15,seed,2,200,0.01,0.0,0.025
mal,noncanonical,15,seed,2,200,0.205,0.14509493108803387,0.26
mal,native,16,seed,2,200,0.585,0.51,0.645
mal,romanised,16,seed,2,200,0.02,0.0,0.04
mal,noncanonical,16,seed,2,200,0.08,0.04,0.12
mal,native,17,seed,2,200,0.61,0.535,0.67
mal,romanised,17,seed,2,200,0.005,0.0,0.015
mal,noncanonical,17,seed,2,200,0.105,0.065,0.14825280620751413
mal,native,18,seed,2,200,0.615,0.54,0.675
mal,romanised,18,seed,2,200,0.015,0.0,0.035
mal,noncanonical,18,seed,2,200,0.06,0.03,0.095
mal,native,19,seed,2,200,0.61,0.531474770361189,0.67
mal,romanised,19,seed,2,200,0.025,0.005,0.045
mal,noncanonical,19,seed,2,200,0.155,0.105,0.205
mal,native,20,seed,2,200,0.625,0.55,0.685
mal,romanised,20,seed,2,200,0.035,0.01,0.06
mal,noncanonical,20,seed,2,200,0.145,0.095,0.19
mal,native,21,seed,2,200,0.615,0.545,0.68
mal,romanised,21,seed,2,200,0.02,0.005,0.04
mal,noncanonical,21,seed,2,200,0.14,0.09,0.185
mal,native,22,seed,2,200,0.53,0.46,0.595
mal,romanised,22,seed,2,200,0.015,0.0,0.035
mal,noncanonical,22,seed,2,200,0.1,0.06,0.14
mal,native,23,seed,2,200,0.475,0.4,0.535
mal,romanised,23,seed,2,200,0.02,0.005,0.04
mal,noncanonical,23,seed,2,200,0.06,0.03,0.09
mal,native,24,seed,2,200,0.35,0.27905432692433235,0.41
mal,romanised,24,seed,2,200,0.01,0.0,0.025
mal,noncanonical,24,seed,2,200,0.055,0.025,0.085
mar,native,0,seed,2,200,0.02,0.005,0.04
mar,romanised,0,seed,2,200,0.015,0.0,0.035
mar,noncanonical,0,seed,2,200,0.02,0.005,0.04
mar,native,1,seed,2,200,0.01,0.0,0.025
mar,romanised,1,seed,2,200,0.02,0.005,0.04
mar,noncanonical,1,seed,2,200,0.01,0.0,0.025
mar,native,2,seed,2,200,0.06,0.03,0.095
mar,romanised,2,seed,2,200,0.025,0.005,0.05
mar,noncanonical,2,seed,2,200,0.005,0.0,0.015
mar,native,3,seed,2,200,0.095,0.055,0.135
mar,romanised,3,seed,2,200,0.015,0.0,0.035
mar,noncanonical,3,seed,2,200,0.02,0.005,0.04
mar,native,4,seed,2,200,0.205,0.15,0.26
mar,romanised,4,seed,2,200,0.02,0.005,0.04
mar,noncanonical,4,seed,2,200,0.04,0.015,0.07
mar,native,5,seed,2,200,0.255,0.195,0.315
mar,romanised,5,seed,2,200,0.01,0.0,0.025
mar,noncanonical,5,seed,2,200,0.05,0.025,0.08
mar,native,6,seed,2,200,0.335,0.265,0.4
mar,romanised,6,seed,2,200,0.02,0.005,0.04
mar,noncanonical,6,seed,2,200,0.06,0.03,0.095
mar,native,7,seed,2,200,0.365,0.295,0.43
mar,romanised,7,seed,2,200,0.015,0.0,0.03
mar,noncanonical,7,seed,2,200,0.065,0.035,0.1
mar,native,8,seed,2,200,0.43,0.355,0.495
mar,romanised,8,seed,2,200,0.02,0.005,0.04
mar,noncanonical,8,seed,2,200,0.02,0.005,0.04
mar,native,9,seed,2,200,0.54,0.465,0.6
mar,romanised,9,seed,2,200,0.025,0.005,0.05
mar,noncanonical,9,seed,2,200,0.04,0.015,0.07
mar,native,10,seed,2,200,0.585,0.51,0.645
mar,romanised,10,seed,2,200,0.03,0.01,0.055
mar,noncanonical,10,seed,2,200,0.025,0.005,0.05
mar,native,11,seed,2,200,0.635,0.5605232651298075,0.695
mar,romanised,11,seed,2,200,0.035,0.01,0.065
mar,noncanonical,11,seed,2,200,0.03,0.01,0.055
mar,native,12,seed,2,200,0.665,0.595,0.725
mar,romanised,12,seed,2,200,0.035,0.015,0.06
mar,noncanonical,12,seed,2,200,0.05,0.02,0.08
mar,native,13,seed,2,200,0.63,0.555,0.69
mar,romanised,13,seed,2,200,0.025,0.005,0.05
mar,noncanonical,13,seed,2,200,0.075,0.04,0.115
mar,native,14,seed,2,200,0.575,0.5,0.635349743806056
mar,romanised,14,seed,2,200,0.02,0.005,0.04
mar,noncanonical,14,seed,2,200,0.135,0.09,0.185
mar,native,15,seed,2,200,0.64,0.565,0.7
mar,romanised,15,seed,2,200,0.03,0.01,0.055
mar,noncanonical,15,seed,2,200,0.15,0.105,0.205
mar,native,16,seed,2,200,0.645,0.575,0.71
mar,romanised,16,seed,2,200,0.03,0.01,0.06
mar,noncanonical,16,seed,2,200,0.08,0.045,0.12
mar,native,17,seed,2,200,0.65,0.5770464813800427,0.71
mar,romanised,17,seed,2,200,0.035,0.015,0.065
mar,noncanonical,17,seed,2,200,0.135,0.09,0.18
mar,native,18,seed,2,200,0.63,0.56,0.69
mar,romanised,18,seed,2,200,0.02,0.005,0.04
mar,noncanonical,18,seed,2,200,0.08,0.045,0.12
mar,native,19,seed,2,200,0.645,0.57,0.705
mar,romanised,19,seed,2,200,0.04,0.015,0.07
mar,noncanonical,19,seed,2,200,0.17,0.12,0.22
mar,native,20,seed,2,200,0.635,0.56,0.695
mar,romanised,20,seed,2,200,0.02,0.005,0.045
mar,noncanonical,20,seed,2,200,0.17,0.11557730727318458,0.22
mar,native,21,seed,2,200,0.57,0.495,0.6320421881164725
mar,romanised,21,seed,2,200,0.025,0.005,0.05
mar,noncanonical,21,seed,2,200,0.135,0.085,0.18
mar,native,22,seed,2,200,0.445,0.37,0.51
mar,romanised,22,seed,2,200,0.015,0.0,0.035
mar,noncanonical,22,seed,2,200,0.115,0.075,0.16
mar,native,23,seed,2,200,0.385,0.31,0.445
mar,romanised,23,seed,2,200,0.01,0.0,0.025
mar,noncanonical,23,seed,2,200,0.065,0.03,0.1
mar,native,24,seed,2,200,0.275,0.205,0.335
mar,romanised,24,seed,2,200,0.025,0.005,0.05
mar,noncanonical,24,seed,2,200,0.035,0.01,0.06
hin,native,0,seed,2,200,0.015,0.0,0.035
hin,romanised,0,seed,2,200,0.025,0.005,0.05
hin,noncanonical,0,seed,2,200,0.01,0.0,0.025
hin,native,1,seed,2,200,0.02,0.005,0.045
hin,romanised,1,seed,2,200,0.03,0.01,0.055
hin,noncanonical,1,seed,2,200,0.015,0.0,0.035
hin,native,2,seed,2,200,0.075,0.04,0.11
hin,romanised,2,seed,2,200,0.045,0.02,0.075
hin,noncanonical,2,seed,2,200,0.02,0.005,0.04
hin,native,3,seed,2,200,0.13,0.085,0.175
hin,romanised,3,seed,2,200,0.02,0.005,0.04
hin,noncanonical,3,seed,2,200,0.03,0.01,0.055
hin,native,4,seed,2,200,0.225,0.165,0.2830964530990366
hin,romanised,4,seed,2,200,0.015,0.0,0.035
hin,noncanonical,4,seed,2,200,0.05,0.02,0.08
hin,native,5,seed,2,200,0.335,0.27,0.4
hin,romanised,5,seed,2,200,0.02,0.005,0.04
hin,noncanonical,5,seed,2,200,0.095,0.055,0.135
hin,native,6,seed,2,200,0.5,0.425,0.56
hin,romanised,6,seed,2,200,0.025,0.005,0.05
hin,noncanonical,6,seed,2,200,0.085,0.05,0.125
hin,native,7,seed,2,200,0.585,0.51,0.645
hin,romanised,7,seed,2,200,0.025,0.005,0.05
hin,noncanonical,7,seed,2,200,0.12,0.075,0.17
hin,native,8,seed,2,200,0.65,0.575,0.7082827587830559
hin,romanised,8,seed,2,200,0.03,0.01,0.055
hin,noncanonical,8,seed,2,200,0.08,0.0436119024761804,0.12
hin,native,9,seed,2,200,0.735,0.6628842739323293,0.785
hin,romanised,9,seed,2,200,0.035,0.01,0.06
hin,noncanonical,9,seed,2,200,0.105,0.065,0.15
hin,native,10,seed,2,200,0.745,0.6741330005959452,0.7921076548189728
hin,romanised,10,seed,2,200,0.04,0.015,0.07
hin,noncanonical,10,seed,2,200,0.095,0.055,0.1363912310723913
hin,native,11,seed,2,200,0.755,0.685,0.805
hin,romanised,11,seed,2,200,0.055,0.025,0.09
hin,noncanonical,11,seed,2,200,0.12,0.075,0.165
hin,native,12,seed,2,200,0.755,0.685,0.805
hin,romanised,12,seed,2,200,0.065,0.035,0.1
hin,noncanonical,12,seed,2,200,0.115,0.07,0.16
hin,native,13,seed,2,200,0.75,0.6805167050479728,0.805
hin,romanised,13,seed,2,200,0.085,0.05,0.125
hin,noncanonical,13,seed,2,200,0.14,0.095,0.19
hin,native,14,seed,2,200,0.755,0.6863248023347527,0.805
hin,romanised,14,seed,2,200,0.07,0.04,0.11
hin,noncanonical,14,seed,2,200,0.16,0.11,0.21
hin,native,15,seed,2,200,0.76,0.69,0.81
hin,romanised,15,seed,2,200,0.095,0.055,0.14
hin,noncanonical,15,seed,2,200,0.17,0.115,0.22
hin,native,16,seed,2,200,0.72,0.6509882088028843,0.775
hin,romanised,16,seed,2,200,0.085,0.05,0.125
hin,noncanonical,16,seed,2,200,0.09,0.05,0.13
hin,native,17,seed,2,200,0.73,0.665,0.78
hin,romanised,17,seed,2,200,0.065,0.035,0.1
hin,noncanonical,17,seed,2,200,0.11,0.065,0.155
hin,native,18,seed,2,200,0.715,0.64,0.765
hin,romanised,18,seed,2,200,0.04,0.015,0.07
hin,noncanonical,18,seed,2,200,0.055,0.025,0.09
hin,native,19,seed,2,200,0.735,0.67,0.79
hin,romanised,19,seed,2,200,0.09,0.05,0.13
hin,noncanonical,19,seed,2,200,0.145,0.095,0.19
hin,native,20,seed,2,200,0.75,0.685,0.805
hin,romanised,20,seed,2,200,0.08,0.045,0.12
hin,noncanonical,20,seed,2,200,0.14,0.095,0.19
hin,native,21,seed,2,200,0.74,0.675,0.79
hin,romanised,21,seed,2,200,0.04,0.015,0.07
hin,noncanonical,21,seed,2,200,0.175,0.125,0.23
hin,native,22,seed,2,200,0.715,0.645,0.77
hin,romanised,22,seed,2,200,0.045,0.02,0.075
hin,noncanonical,22,seed,2,200,0.045,0.015,0.075
hin,native,23,seed,2,200,0.655,0.585,0.715
hin,romanised,23,seed,2,200,0.03,0.01,0.055
hin,noncanonical,23,seed,2,200,0.045,0.015,0.075
hin,native,24,seed,2,200,0.5,0.427801261566877,0.565
hin,romanised,24,seed,2,200,0.025,0.005,0.05
hin,noncanonical,24,seed,2,200,0.075,0.04,0.115
guj,native,0,bucket,"[1.25,1.50)",200,0.03,0.01,0.055
guj,romanised,0,bucket,"[1.25,1.50)",200,0.05,0.025,0.08
guj,noncanonical,0,bucket,"[1.25,1.50)",200,0.01,0.0,0.025
guj,native,1,bucket,"[1.25,1.50)",200,0.015,0.0,0.035
guj,romanised,1,bucket,"[1.25,1.50)",200,0.025,0.005,0.05
guj,noncanonical,1,bucket,"[1.25,1.50)",200,0.01,0.0,0.025
guj,native,2,bucket,"[1.25,1.50)",200,0.03,0.01,0.055
guj,romanised,2,bucket,"[1.25,1.50)",200,0.025,0.005,0.05
guj,noncanonical,2,bucket,"[1.25,1.50)",200,0.015,0.0,0.035
guj,native,3,bucket,"[1.25,1.50)",200,0.07,0.035,0.105
guj,romanised,3,bucket,"[1.25,1.50)",200,0.03,0.01,0.055
guj,noncanonical,3,bucket,"[1.25,1.50)",200,0.025,0.005,0.045
guj,native,4,bucket,"[1.25,1.50)",200,0.155,0.105,0.2
guj,romanised,4,bucket,"[1.25,1.50)",200,0.01,0.0,0.025
guj,noncanonical,4,bucket,"[1.25,1.50)",200,0.07,0.04,0.105
guj,native,5,bucket,"[1.25,1.50)",200,0.235,0.175,0.29
guj,romanised,5,bucket,"[1.25,1.50)",200,0.025,0.005,0.045
guj,noncanonical,5,bucket,"[1.25,1.50)",200,0.1,0.06,0.14
guj,native,6,bucket,"[1.25,1.50)",200,0.33,0.26,0.395
guj,romanised,6,bucket,"[1.25,1.50)",200,0.03,0.01,0.055
guj,noncanonical,6,bucket,"[1.25,1.50)",200,0.08,0.045,0.12
guj,native,7,bucket,"[1.25,1.50)",200,0.405,0.33,0.465
guj,romanised,7,bucket,"[1.25,1.50)",200,0.03,0.01,0.055
guj,noncanonical,7,bucket,"[1.25,1.50)",200,0.085,0.05,0.125
guj,native,8,bucket,"[1.25,1.50)",200,0.405,0.335,0.47
guj,romanised,8,bucket,"[1.25,1.50)",200,0.025,0.005,0.045
guj,noncanonical,8,bucket,"[1.25,1.50)",200,0.075,0.04,0.115
guj,native,9,bucket,"[1.25,1.50)",200,0.6,0.525,0.665
guj,romanised,9,bucket,"[1.25,1.50)",200,0.025,0.005,0.045
guj,noncanonical,9,bucket,"[1.25,1.50)",200,0.095,0.055,0.135
guj,native,10,bucket,"[1.25,1.50)",200,0.64,0.565,0.6964604229424116
guj,romanised,10,bucket,"[1.25,1.50)",200,0.015,0.0,0.03
guj,noncanonical,10,bucket,"[1.25,1.50)",200,0.14,0.095,0.19
guj,native,11,bucket,"[1.25,1.50)",200,0.69,0.615,0.745
guj,romanised,11,bucket,"[1.25,1.50)",200,0.015,0.0,0.035
guj,noncanonical,11,bucket,"[1.25,1.50)",200,0.135,0.09,0.185
guj,native,12,bucket,"[1.25,1.50)",200,0.7,0.635,0.76
guj,romanised,12,bucket,"[1.25,1.50)",200,0.025,0.005,0.045
guj,noncanonical,12,bucket,"[1.25,1.50)",200,0.18,0.1278081704131655,0.23326066416340835
guj,native,13,bucket,"[1.25,1.50)",200,0.7,0.6225473254558749,0.755
guj,romanised,13,bucket,"[1.25,1.50)",200,0.01,0.0,0.025
guj,noncanonical,13,bucket,"[1.25,1.50)",200,0.255,0.195,0.315
guj,native,14,bucket,"[1.25,1.50)",200,0.665,0.59,0.72
guj,romanised,14,bucket,"[1.25,1.50)",200,0.01,0.0,0.025
guj,noncanonical,14,bucket,"[1.25,1.50)",200,0.255,0.195,0.315
guj,native,15,bucket,"[1.25,1.50)",200,0.7,0.625,0.755
guj,romanised,15,bucket,"[1.25,1.50)",200,0.01,0.0,0.025
guj,noncanonical,15,bucket,"[1.25,1.50)",200,0.29,0.225,0.35
guj,native,16,bucket,"[1.25,1.50)",200,0.72,0.65,0.775
guj,romanised,16,bucket,"[1.25,1.50)",200,0.02,0.005,0.04
guj,noncanonical,16,bucket,"[1.25,1.50)",200,0.165,0.115,0.215
guj,native,17,bucket,"[1.25,1.50)",200,0.7,0.625,0.755
guj,romanised,17,bucket,"[1.25,1.50)",200,0.03,0.01,0.055
guj,noncanonical,17,bucket,"[1.25,1.50)",200,0.15,0.105,0.2
guj,native,18,bucket,"[1.25,1.50)",200,0.69,0.62,0.745
guj,romanised,18,bucket,"[1.25,1.50)",200,0.02,0.0,0.04
guj,noncanonical,18,bucket,"[1.25,1.50)",200,0.11,0.07,0.155
guj,native,19,bucket,"[1.25,1.50)",200,0.69,0.62,0.745
guj,romanised,19,bucket,"[1.25,1.50)",200,0.03,0.005,0.05
guj,noncanonical,19,bucket,"[1.25,1.50)",200,0.275,0.215,0.335
guj,native,20,bucket,"[1.25,1.50)",200,0.695,0.63,0.755
guj,romanised,20,bucket,"[1.25,1.50)",200,0.045,0.015,0.07
guj,noncanonical,20,bucket,"[1.25,1.50)",200,0.32,0.25,0.385
guj,native,21,bucket,"[1.25,1.50)",200,0.7,0.63,0.755
guj,romanised,21,bucket,"[1.25,1.50)",200,0.025,0.005,0.045
guj,noncanonical,21,bucket,"[1.25,1.50)",200,0.31,0.245,0.375
guj,native,22,bucket,"[1.25,1.50)",200,0.61,0.54,0.675
guj,romanised,22,bucket,"[1.25,1.50)",200,0.025,0.005,0.045
guj,noncanonical,22,bucket,"[1.25,1.50)",200,0.17,0.12,0.225
guj,native,23,bucket,"[1.25,1.50)",200,0.44,0.365,0.505
guj,romanised,23,bucket,"[1.25,1.50)",200,0.035,0.01,0.065
guj,noncanonical,23,bucket,"[1.25,1.50)",200,0.075,0.04,0.11
guj,native,24,bucket,"[1.25,1.50)",200,0.345,0.275,0.405
guj,romanised,24,bucket,"[1.25,1.50)",200,0.035,0.01,0.065
guj,noncanonical,24,bucket,"[1.25,1.50)",200,0.11,0.065,0.155
guj,native,0,bucket,"[1.75,2.00)",199,0.03015075376884422,0.010050251256281407,0.05527638190954774
guj,romanised,0,bucket,"[1.75,2.00)",199,0.05025125628140704,0.020100502512562814,0.08542713567839195
guj,noncanonical,0,bucket,"[1.75,2.00)",199,0.005025125628140704,0.0,0.01507537688442211
guj,native,1,bucket,"[1.75,2.00)",199,0.01507537688442211,0.0,0.035175879396984924
guj,romanised,1,bucket,"[1.75,2.00)",199,0.02512562814070352,0.005025125628140704,0.05025125628140704
guj,noncanonical,1,bucket,"[1.75,2.00)",199,0.005025125628140704,0.0,0.01507537688442211
guj,native,2,bucket,"[1.75,2.00)",199,0.03015075376884422,0.010050251256281407,0.05527638190954774
guj,romanised,2,bucket,"[1.75,2.00)",199,0.02512562814070352,0.005025125628140704,0.05025125628140704
guj,noncanonical,2,bucket,"[1.75,2.00)",199,0.005025125628140704,0.0,0.01507537688442211
guj,native,3,bucket,"[1.75,2.00)",199,0.07035175879396985,0.035175879396984924,0.10552763819095477
guj,romanised,3,bucket,"[1.75,2.00)",199,0.03015075376884422,0.010050251256281407,0.05527638190954774
guj,noncanonical,3,bucket,"[1.75,2.00)",199,0.01507537688442211,0.0,0.035175879396984924
guj,native,4,bucket,"[1.75,2.00)",199,0.15577889447236182,0.10552763819095477,0.20603015075376885
guj,romanised,4,bucket,"[1.75,2.00)",199,0.010050251256281407,0.0,0.02512562814070352
guj,noncanonical,4,bucket,"[1.75,2.00)",199,0.03015075376884422,0.010050251256281407,0.05527638190954774
guj,native,5,bucket,"[1.75,2.00)",199,0.23618090452261306,0.17587939698492464,0.2914572864321608
guj,romanised,5,bucket,"[1.75,2.00)",199,0.02512562814070352,0.005025125628140704,0.05025125628140704
guj,noncanonical,5,bucket,"[1.75,2.00)",199,0.02512562814070352,0.005025125628140704,0.05025125628140704
guj,native,6,bucket,"[1.75,2.00)",199,0.3316582914572864,0.2613065326633166,0.39195979899497485
guj,romanised,6,bucket,"[1.75,2.00)",199,0.03015075376884422,0.010050251256281407,0.05527638190954774
guj,noncanonical,6,bucket,"[1.75,2.00)",199,0.03015075376884422,0.010050251256281407,0.05527638190954774
guj,native,7,bucket,"[1.75,2.00)",199,0.40703517587939697,0.3316582914572864,0.4682793921736507
guj,romanised,7,bucket,"[1.75,2.00)",199,0.03015075376884422,0.010050251256281407,0.05527638190954774
guj,noncanonical,7,bucket,"[1.75,2.00)",199,0.035175879396984924,0.010050251256281407,0.06030150753768844
guj,native,8,bucket,"[1.75,2.00)",199,0.40703517587939697,0.3307862587223958,0.46733668341708545
guj,romanised,8,bucket,"[1.75,2.00)",199,0.02512562814070352,0.005025125628140704,0.04522613065326633
guj,noncanonical,8,bucket,"[1.75,2.00)",199,0.020100502512562814,0.005025125628140704,0.04020100502512563
guj,native,9,bucket,"[1.75,2.00)",199,0.6030150753768844,0.5276381909547738,0.6633165829145728
guj,romanised,9,bucket,"[1.75,2.00)",199,0.02512562814070352,0.005025125628140704,0.04522613065326633
guj,noncanonical,9,bucket,"[1.75,2.00)",199,0.020100502512562814,0.005025125628140704,0.04020100502512563
guj,native,10,bucket,"[1.75,2.00)",199,0.6432160804020101,0.5728643216080402,0.7035175879396985
guj,romanised,10,bucket,"[1.75,2.00)",199,0.01507537688442211,0.0,0.03015075376884422
guj,noncanonical,10,bucket,"[1.75,2.00)",199,0.02512562814070352,0.005025125628140704,0.05025125628140704
guj,native,11,bucket,"[1.75,2.00)",199,0.6934673366834171,0.6180904522613065,0.7437185929648241
guj,romanised,11,bucket,"[1.75,2.00)",199,0.01507537688442211,0.0,0.035175879396984924
guj,noncanonical,11,bucket,"[1.75,2.00)",199,0.03015075376884422,0.005025125628140704,0.05527638190954774
guj,native,12,bucket,"[1.75,2.00)",199,0.7035175879396985,0.628140703517588,0.7587939698492462
guj,romanised,12,bucket,"[1.75,2.00)",199,0.02512562814070352,0.005025125628140704,0.04522613065326633
guj,noncanonical,12,bucket,"[1.75,2.00)",199,0.01507537688442211,0.0,0.03015075376884422
guj,native,13,bucket,"[1.75,2.00)",199,0.7035175879396985,0.628140703517588,0.7587939698492462
guj,romanised,13,bucket,"[1.75,2.00)",199,0.010050251256281407,0.0,0.02512562814070352
guj,noncanonical,13,bucket,"[1.75,2.00)",199,0.02512562814070352,0.005025125628140704,0.05025125628140704
guj,native,14,bucket,"[1.75,2.00)",199,0.6683417085427136,0.5879396984924623,0.7236180904522613
guj,romanised,14,bucket,"[1.75,2.00)",199,0.010050251256281407,0.0,0.02512562814070352
guj,noncanonical,14,bucket,"[1.75,2.00)",199,0.03015075376884422,0.010050251256281407,0.05527638190954774
guj,native,15,bucket,"[1.75,2.00)",199,0.7035175879396985,0.628140703517588,0.7587939698492462
guj,romanised,15,bucket,"[1.75,2.00)",199,0.010050251256281407,0.0,0.02512562814070352
guj,noncanonical,15,bucket,"[1.75,2.00)",199,0.03015075376884422,0.010050251256281407,0.05527638190954774
guj,native,16,bucket,"[1.75,2.00)",199,0.7236180904522613,0.6532663316582915,0.7738693467336684
guj,romanised,16,bucket,"[1.75,2.00)",199,0.020100502512562814,0.005025125628140704,0.04020100502512563
guj,noncanonical,16,bucket,"[1.75,2.00)",199,0.020100502512562814,0.005025125628140704,0.04458264064571231
guj,native,17,bucket,"[1.75,2.00)",199,0.7035175879396985,0.6331658291457286,0.7587939698492462
guj,romanised,17,bucket,"[1.75,2.00)",199,0.03015075376884422,0.010050251256281407,0.05527638190954774
guj,noncanonical,17,bucket,"[1.75,2.00)",199,0.01507537688442211,0.0,0.035175879396984924
guj,native,18,bucket,"[1.75,2.00)",199,0.6934673366834171,0.628140703517588,0.7487437185929648
guj,romanised,18,bucket,"[1.75,2.00)",199,0.020100502512562814,0.0005194404034433438,0.04020100502512563
guj,noncanonical,18,bucket,"[1.75,2.00)",199,0.010050251256281407,0.0,0.02512562814070352
guj,native,19,bucket,"[1.75,2.00)",199,0.6934673366834171,0.6231155778894473,0.7487437185929648
guj,romanised,19,bucket,"[1.75,2.00)",199,0.03015075376884422,0.010050251256281407,0.05527638190954774
guj,noncanonical,19,bucket,"[1.75,2.00)",199,0.04020100502512563,0.01507537688442211,0.07035175879396985
guj,native,20,bucket,"[1.75,2.00)",199,0.6984924623115578,0.6231155778894473,0.7537688442211056
guj,romanised,20,bucket,"[1.75,2.00)",199,0.04522613065326633,0.020100502512562814,0.07537688442211055
guj,noncanonical,20,bucket,"[1.75,2.00)",199,0.04522613065326633,0.01507537688442211,0.07537688442211055
guj,native,21,bucket,"[1.75,2.00)",199,0.7035175879396985,0.6331658291457286,0.7587939698492462
guj,romanised,21,bucket,"[1.75,2.00)",199,0.02512562814070352,0.005025125628140704,0.04522613065326633
guj,noncanonical,21,bucket,"[1.75,2.00)",199,0.04020100502512563,0.01507537688442211,0.07035175879396985
guj,native,22,bucket,"[1.75,2.00)",199,0.6130653266331658,0.5326633165829145,0.6683417085427136
guj,romanised,22,bucket,"[1.75,2.00)",199,0.02512562814070352,0.005025125628140704,0.05025125628140704
guj,noncanonical,22,bucket,"[1.75,2.00)",199,0.03015075376884422,0.010050251256281407,0.05527638190954774
guj,native,23,bucket,"[1.75,2.00)",199,0.44221105527638194,0.36683417085427134,0.507537688442211
guj,romanised,23,bucket,"[1.75,2.00)",199,0.035175879396984924,0.010050251256281407,0.06532663316582915
guj,noncanonical,23,bucket,"[1.75,2.00)",199,0.04522613065326633,0.01507537688442211,0.07537688442211055
guj,native,24,bucket,"[1.75,2.00)",199,0.34673366834170855,0.27638190954773867,0.40703517587939697
guj,romanised,24,bucket,"[1.75,2.00)",199,0.035175879396984924,0.010050251256281407,0.06532663316582915
guj,noncanonical,24,bucket,"[1.75,2.00)",199,0.010050251256281407,0.0,0.02512562814070352
tam,native,0,bucket,"[1.25,1.50)",200,0.01,0.0,0.025
tam,romanised,0,bucket,"[1.25,1.50)",200,0.005,0.0,0.015
tam,noncanonical,0,bucket,"[1.25,1.50)",200,0.01,0.0,0.025
tam,native,1,bucket,"[1.25,1.50)",200,0.025,0.005,0.05
tam,romanised,1,bucket,"[1.25,1.50)",200,0.005,0.0,0.015
tam,noncanonical,1,bucket,"[1.25,1.50)",200,0.015,0.0,0.035
tam,native,2,bucket,"[1.25,1.50)",200,0.08,0.045,0.12
tam,romanised,2,bucket,"[1.25,1.50)",200,0.005,0.0,0.015
tam,noncanonical,2,bucket,"[1.25,1.50)",200,0.015,0.0,0.03
tam,native,3,bucket,"[1.25,1.50)",200,0.115,0.07,0.16
tam,romanised,3,bucket,"[1.25,1.50)",200,0.005,0.0,0.015
tam,noncanonical,3,bucket,"[1.25,1.50)",200,0.015,0.0,0.03
tam,native,4,bucket,"[1.25,1.50)",200,0.15,0.105,0.2
tam,romanised,4,bucket,"[1.25,1.50)",200,0.005,0.0,0.015
tam,noncanonical,4,bucket,"[1.25,1.50)",200,0.05,0.02,0.08
tam,native,5,bucket,"[1.25,1.50)",200,0.22,0.165,0.28
tam,romanised,5,bucket,"[1.25,1.50)",200,0.005,0.0,0.015
tam,noncanonical,5,bucket,"[1.25,1.50)",200,0.08,0.045,0.12
tam,native,6,bucket,"[1.25,1.50)",200,0.26,0.2,0.32
tam,romanised,6,bucket,"[1.25,1.50)",200,0.005,0.0,0.015
tam,noncanonical,6,bucket,"[1.25,1.50)",200,0.095,0.055,0.135
tam,native,7,bucket,"[1.25,1.50)",200,0.28,0.22,0.34
tam,romanised,7,bucket,"[1.25,1.50)",200,0.005,0.0,0.015
tam,noncanonical,7,bucket,"[1.25,1.50)",200,0.1,0.06,0.14
tam,native,8,bucket,"[1.25,1.50)",200,0.29,0.23,0.35
tam,romanised,8,bucket,"[1.25,1.50)",200,0.005,0.0,0.015
tam,noncanonical,8,bucket,"[1.25,1.50)",200,0.085,0.05,0.12
tam,native,9,bucket,"[1.25,1.50)",200,0.44,0.37,0.505
tam,romanised,9,bucket,"[1.25,1.50)",200,0.005,0.0,0.015
tam,noncanonical,9,bucket,"[1.25,1.50)",200,0.115,0.07,0.16
tam,native,10,bucket,"[1.25,1.50)",200,0.525,0.45,0.585
tam,romanised,10,bucket,"[1.25,1.50)",200,0.005,0.0,0.015
tam,noncanonical,10,bucket,"[1.25,1.50)",200,0.12,0.075,0.165
tam,native,11,bucket,"[1.25,1.50)",200,0.585,0.515,0.645
tam,romanised,11,bucket,"[1.25,1.50)",200,0.005,0.0,0.015
tam,noncanonical,11,bucket,"[1.25,1.50)",200,0.13,0.085,0.18
tam,native,12,bucket,"[1.25,1.50)",200,0.62,0.545,0.68
tam,romanised,12,bucket,"[1.25,1.50)",200,0.005,0.0,0.015
tam,noncanonical,12,bucket,"[1.25,1.50)",200,0.16,0.11,0.21
tam,native,13,bucket,"[1.25,1.50)",200,0.5,0.435,0.565
tam,romanised,13,bucket,"[1.25,1.50)",200,0.005,0.0,0.015
tam,noncanonical,13,bucket,"[1.25,1.50)",200,0.22,0.16,0.27
tam,native,14,bucket,"[1.25,1.50)",200,0.445,0.375,0.51
tam,romanised,14,bucket,"[1.25,1.50)",200,0.005,0.0,0.015
tam,noncanonical,14,bucket,"[1.25,1.50)",200,0.225,0.165,0.28
tam,native,15,bucket,"[1.25,1.50)",200,0.58,0.51,0.64
tam,romanised,15,bucket,"[1.25,1.50)",200,0.005,0.0,0.015
tam,noncanonical,15,bucket,"[1.25,1.50)",200,0.24,0.18,0.295
tam,native,16,bucket,"[1.25,1.50)",200,0.59,0.515,0.65
tam,romanised,16,bucket,"[1.25,1.50)",200,0.005,0.0,0.015
tam,noncanonical,16,bucket,"[1.25,1.50)",200,0.165,0.115,0.215
tam,native,17,bucket,"[1.25,1.50)",200,0.6,0.525,0.66
tam,romanised,17,bucket,"[1.25,1.50)",200,0.005,0.0,0.015
tam,noncanonical,17,bucket,"[1.25,1.50)",200,0.15,0.1,0.2
tam,native,18,bucket,"[1.25,1.50)",200,0.62,0.55,0.68
tam,romanised,18,bucket,"[1.25,1.50)",200,0.005,0.0,0.015
tam,noncanonical,18,bucket,"[1.25,1.50)",200,0.1,0.05887103168103849,0.14
tam,native,19,bucket,"[1.25,1.50)",200,0.635,0.56,0.695
tam,romanised,19,bucket,"[1.25,1.50)",200,0.005,0.0,0.015
tam,noncanonical,19,bucket,"[1.25,1.50)",200,0.285,0.225,0.345
tam,native,20,bucket,"[1.25,1.50)",200,0.595,0.52,0.655
tam,romanised,20,bucket,"[1.25,1.50)",200,0.005,0.0,0.015
tam,noncanonical,20,bucket,"[1.25,1.50)",200,0.315,0.245,0.375
tam,native,21,bucket,"[1.25,1.50)",200,0.605,0.53,0.665
tam,romanised,21,bucket,"[1.25,1.50)",200,0.01,0.0,0.025
tam,noncanonical,21,bucket,"[1.25,1.50)",200,0.275,0.215,0.335
tam,native,22,bucket,"[1.25,1.50)",200,0.515,0.44,0.58
tam,romanised,22,bucket,"[1.25,1.50)",200,0.005,0.0,0.015
tam,noncanonical,22,bucket,"[1.25,1.50)",200,0.2,0.14,0.255
tam,native,23,bucket,"[1.25,1.50)",200,0.45,0.375,0.515
tam,romanised,23,bucket,"[1.25,1.50)",200,0.005,0.0,0.015
tam,noncanonical,23,bucket,"[1.25,1.50)",200,0.18,0.125,0.23
tam,native,24,bucket,"[1.25,1.50)",200,0.315,0.25,0.375
tam,romanised,24,bucket,"[1.25,1.50)",200,0.005,0.0,0.015
tam,noncanonical,24,bucket,"[1.25,1.50)",200,0.08,0.045,0.12
tam,native,0,bucket,"[1.75,2.00)",200,0.01,0.0,0.025
tam,romanised,0,bucket,"[1.75,2.00)",200,0.005,0.0,0.015
tam,noncanonical,0,bucket,"[1.75,2.00)",200,0.01,0.0,0.025
tam,native,1,bucket,"[1.75,2.00)",200,0.025,0.005,0.05
tam,romanised,1,bucket,"[1.75,2.00)",200,0.005,0.0,0.015
tam,noncanonical,1,bucket,"[1.75,2.00)",200,0.01,0.0,0.025
tam,native,2,bucket,"[1.75,2.00)",200,0.08,0.045,0.12
tam,romanised,2,bucket,"[1.75,2.00)",200,0.005,0.0,0.015
tam,noncanonical,2,bucket,"[1.75,2.00)",200,0.01,0.0,0.025
tam,native,3,bucket,"[1.75,2.00)",200,0.115,0.07,0.16
tam,romanised,3,bucket,"[1.75,2.00)",200,0.005,0.0,0.015
tam,noncanonical,3,bucket,"[1.75,2.00)",200,0.01,0.0,0.025
tam,native,4,bucket,"[1.75,2.00)",200,0.15,0.105,0.2
tam,romanised,4,bucket,"[1.75,2.00)",200,0.005,0.0,0.015
tam,noncanonical,4,bucket,"[1.75,2.00)",200,0.015,0.0,0.035
tam,native,5,bucket,"[1.75,2.00)",200,0.22,0.165,0.28
tam,romanised,5,bucket,"[1.75,2.00)",200,0.005,0.0,0.015
tam,noncanonical,5,bucket,"[1.75,2.00)",200,0.015,0.0,0.035
tam,native,6,bucket,"[1.75,2.00)",200,0.26,0.2,0.32
tam,romanised,6,bucket,"[1.75,2.00)",200,0.005,0.0,0.015
tam,noncanonical,6,bucket,"[1.75,2.00)",200,0.02,0.005,0.045
tam,native,7,bucket,"[1.75,2.00)",200,0.28,0.22,0.34
tam,romanised,7,bucket,"[1.75,2.00)",200,0.005,0.0,0.015
tam,noncanonical,7,bucket,"[1.75,2.00)",200,0.025,0.005,0.05
tam,native,8,bucket,"[1.75,2.00)",200,0.29,0.23,0.35
tam,romanised,8,bucket,"[1.75,2.00)",200,0.005,0.0,0.015
tam,noncanonical,8,bucket,"[1.75,2.00)",200,0.02,0.005,0.045
tam,native,9,bucket,"[1.75,2.00)",200,0.44,0.37,0.505
tam,romanised,9,bucket,"[1.75,2.00)",200,0.005,0.0,0.015
tam,noncanonical,9,bucket,"[1.75,2.00)",200,0.025,0.005,0.05
tam,native,10,bucket,"[1.75,2.00)",200,0.525,0.45,0.585
tam,romanised,10,bucket,"[1.75,2.00)",200,0.005,0.0,0.015
tam,noncanonical,10,bucket,"[1.75,2.00)",200,0.02,0.005,0.045
tam,native,11,bucket,"[1.75,2.00)",200,0.585,0.515,0.645
tam,romanised,11,bucket,"[1.75,2.00)",200,0.005,0.0,0.015
tam,noncanonical,11,bucket,"[1.75,2.00)",200,0.01,0.0,0.025
tam,native,12,bucket,"[1.75,2.00)",200,0.62,0.545,0.68
tam,romanised,12,bucket,"[1.75,2.00)",200,0.005,0.0,0.015
tam,noncanonical,12,bucket,"[1.75,2.00)",200,0.01,0.0,0.025
tam,native,13,bucket,"[1.75,2.00)",200,0.5,0.435,0.565
tam,romanised,13,bucket,"[1.75,2.00)",200,0.005,0.0,0.015
tam,noncanonical,13,bucket,"[1.75,2.00)",200,0.035,0.01,0.065
tam,native,14,bucket,"[1.75,2.00)",200,0.445,0.375,0.51
tam,romanised,14,bucket,"[1.75,2.00)",200,0.005,0.0,0.015
tam,noncanonical,14,bucket,"[1.75,2.00)",200,0.05,0.02,0.08
tam,native,15,bucket,"[1.75,2.00)",200,0.58,0.51,0.64
tam,romanised,15,bucket,"[1.75,2.00)",200,0.005,0.0,0.015
tam,noncanonical,15,bucket,"[1.75,2.00)",200,0.04,0.015,0.07
tam,native,16,bucket,"[1.75,2.00)",200,0.59,0.515,0.65
tam,romanised,16,bucket,"[1.75,2.00)",200,0.005,0.0,0.015
tam,noncanonical,16,bucket,"[1.75,2.00)",200,0.035,0.01,0.06
tam,native,17,bucket,"[1.75,2.00)",200,0.6,0.525,0.66
tam,romanised,17,bucket,"[1.75,2.00)",200,0.005,0.0,0.015
tam,noncanonical,17,bucket,"[1.75,2.00)",200,0.03,0.005,0.055
tam,native,18,bucket,"[1.75,2.00)",200,0.62,0.55,0.68
tam,romanised,18,bucket,"[1.75,2.00)",200,0.005,0.0,0.015
tam,noncanonical,18,bucket,"[1.75,2.00)",200,0.025,0.005,0.05
tam,native,19,bucket,"[1.75,2.00)",200,0.635,0.56,0.695
tam,romanised,19,bucket,"[1.75,2.00)",200,0.005,0.0,0.015
tam,noncanonical,19,bucket,"[1.75,2.00)",200,0.04,0.015,0.07
tam,native,20,bucket,"[1.75,2.00)",200,0.595,0.52,0.655
tam,romanised,20,bucket,"[1.75,2.00)",200,0.005,0.0,0.015
tam,noncanonical,20,bucket,"[1.75,2.00)",200,0.05,0.02,0.085
tam,native,21,bucket,"[1.75,2.00)",200,0.605,0.53,0.665
tam,romanised,21,bucket,"[1.75,2.00)",200,0.01,0.0,0.025
tam,noncanonical,21,bucket,"[1.75,2.00)",200,0.05,0.02,0.085
tam,native,22,bucket,"[1.75,2.00)",200,0.515,0.44,0.58
tam,romanised,22,bucket,"[1.75,2.00)",200,0.005,0.0,0.015
tam,noncanonical,22,bucket,"[1.75,2.00)",200,0.035,0.01,0.06148810554616375
tam,native,23,bucket,"[1.75,2.00)",200,0.45,0.375,0.515
tam,romanised,23,bucket,"[1.75,2.00)",200,0.005,0.0,0.015
tam,noncanonical,23,bucket,"[1.75,2.00)",200,0.025,0.005,0.05
tam,native,24,bucket,"[1.75,2.00)",200,0.315,0.25,0.375
tam,romanised,24,bucket,"[1.75,2.00)",200,0.005,0.0,0.015
tam,noncanonical,24,bucket,"[1.75,2.00)",200,0.02,0.005,0.04
mal,native,0,bucket,"[1.25,1.50)",200,0.01,0.0,0.025
mal,romanised,0,bucket,"[1.25,1.50)",200,0.03,0.01,0.055
mal,noncanonical,0,bucket,"[1.25,1.50)",200,0.01,0.0,0.025
mal,native,1,bucket,"[1.25,1.50)",200,0.035,0.01,0.06
mal,romanised,1,bucket,"[1.25,1.50)",200,0.02,0.005,0.045
mal,noncanonical,1,bucket,"[1.25,1.50)",200,0.01,0.0,0.025
mal,native,2,bucket,"[1.25,1.50)",200,0.035,0.01,0.065
mal,romanised,2,bucket,"[1.25,1.50)",200,0.025,0.005,0.05
mal,noncanonical,2,bucket,"[1.25,1.50)",200,0.02,0.005,0.04
mal,native,3,bucket,"[1.25,1.50)",200,0.08,0.04,0.12
mal,romanised,3,bucket,"[1.25,1.50)",200,0.02,0.005,0.04
mal,noncanonical,3,bucket,"[1.25,1.50)",200,0.02,0.005,0.04
mal,native,4,bucket,"[1.25,1.50)",200,0.12,0.075,0.165
mal,romanised,4,bucket,"[1.25,1.50)",200,0.02,0.005,0.04
mal,noncanonical,4,bucket,"[1.25,1.50)",200,0.025,0.005,0.045
mal,native,5,bucket,"[1.25,1.50)",200,0.215,0.155,0.275
mal,romanised,5,bucket,"[1.25,1.50)",200,0.02,0.005,0.04
mal,noncanonical,5,bucket,"[1.25,1.50)",200,0.03,0.01,0.055
mal,native,6,bucket,"[1.25,1.50)",200,0.285,0.22,0.345
mal,romanised,6,bucket,"[1.25,1.50)",200,0.025,0.005,0.05
mal,noncanonical,6,bucket,"[1.25,1.50)",200,0.08,0.04,0.12
mal,native,7,bucket,"[1.25,1.50)",200,0.335,0.27,0.4
mal,romanised,7,bucket,"[1.25,1.50)",200,0.025,0.005,0.05
mal,noncanonical,7,bucket,"[1.25,1.50)",200,0.08,0.045,0.12
mal,native,8,bucket,"[1.25,1.50)",200,0.35,0.285,0.415
mal,romanised,8,bucket,"[1.25,1.50)",200,0.035,0.015,0.065
mal,noncanonical,8,bucket,"[1.25,1.50)",200,0.065,0.03,0.1
mal,native,9,bucket,"[1.25,1.50)",200,0.495,0.415,0.56
mal,romanised,9,bucket,"[1.25,1.50)",200,0.03,0.01,0.055
mal,noncanonical,9,bucket,"[1.25,1.50)",200,0.085,0.05,0.125
mal,native,10,bucket,"[1.25,1.50)",200,0.56,0.485,0.625
mal,romanised,10,bucket,"[1.25,1.50)",200,0.015,0.0,0.035
mal,noncanonical,10,bucket,"[1.25,1.50)",200,0.095,0.055,0.14
mal,native,11,bucket,"[1.25,1.50)",200,0.61,0.535,0.675
mal,romanised,11,bucket,"[1.25,1.50)",200,0.015,0.0,0.035
mal,noncanonical,11,bucket,"[1.25,1.50)",200,0.13,0.085,0.175
mal,native,12,bucket,"[1.25,1.50)",200,0.64,0.57,0.705
mal,romanised,12,bucket,"[1.25,1.50)",200,0.015,0.0,0.03
mal,noncanonical,12,bucket,"[1.25,1.50)",200,0.17,0.12,0.22
mal,native,13,bucket,"[1.25,1.50)",200,0.56,0.485,0.625
mal,romanised,13,bucket,"[1.25,1.50)",200,0.02,0.005,0.04
mal,noncanonical,13,bucket,"[1.25,1.50)",200,0.24,0.18,0.3
mal,native,14,bucket,"[1.25,1.50)",200,0.555,0.48,0.62
mal,romanised,14,bucket,"[1.25,1.50)",200,0.01,0.0,0.025
mal,noncanonical,14,bucket,"[1.25,1.50)",200,0.285,0.22,0.35
mal,native,15,bucket,"[1.25,1.50)",200,0.625,0.55,0.685
mal,romanised,15,bucket,"[1.25,1.50)",200,0.015,0.0,0.035
mal,noncanonical,15,bucket,"[1.25,1.50)",200,0.29,0.225,0.35
mal,native,16,bucket,"[1.25,1.50)",200,0.595,0.525,0.66
mal,romanised,16,bucket,"[1.25,1.50)",200,0.015,0.0,0.035
mal,noncanonical,16,bucket,"[1.25,1.50)",200,0.185,0.13,0.24
mal,native,17,bucket,"[1.25,1.50)",200,0.62,0.54,0.68
mal,romanised,17,bucket,"[1.25,1.50)",200,0.015,0.0,0.035
mal,noncanonical,17,bucket,"[1.25,1.50)",200,0.2,0.145,0.25
mal,native,18,bucket,"[1.25,1.50)",200,0.62,0.545,0.68
mal,romanised,18,bucket,"[1.25,1.50)",200,0.01,0.0,0.025
mal,noncanonical,18,bucket,"[1.25,1.50)",200,0.15,0.105,0.19957980707671824
mal,native,19,bucket,"[1.25,1.50)",200,0.62,0.545,0.68
mal,romanised,19,bucket,"[1.25,1.50)",200,0.03,0.01,0.055
mal,noncanonical,19,bucket,"[1.25,1.50)",200,0.22,0.165,0.275
mal,native,20,bucket,"[1.25,1.50)",200,0.635,0.56,0.7
mal,romanised,20,bucket,"[1.25,1.50)",200,0.04,0.015,0.07
mal,noncanonical,20,bucket,"[1.25,1.50)",200,0.225,0.165,0.275
mal,native,21,bucket,"[1.25,1.50)",200,0.635,0.56,0.6950952161413851
mal,romanised,21,bucket,"[1.25,1.50)",200,0.025,0.005,0.05
mal,noncanonical,21,bucket,"[1.25,1.50)",200,0.24,0.18,0.295
mal,native,22,bucket,"[1.25,1.50)",200,0.545,0.47,0.61
mal,romanised,22,bucket,"[1.25,1.50)",200,0.02,0.005,0.04
mal,noncanonical,22,bucket,"[1.25,1.50)",200,0.125,0.08,0.17
mal,native,23,bucket,"[1.25,1.50)",200,0.48,0.41,0.545
mal,romanised,23,bucket,"[1.25,1.50)",200,0.025,0.005,0.045
mal,noncanonical,23,bucket,"[1.25,1.50)",200,0.145,0.1,0.195
mal,native,24,bucket,"[1.25,1.50)",200,0.36,0.295,0.425
mal,romanised,24,bucket,"[1.25,1.50)",200,0.015,0.0,0.035
mal,noncanonical,24,bucket,"[1.25,1.50)",200,0.17,0.115,0.22
mal,native,0,bucket,"[1.75,2.00)",200,0.01,0.0,0.025
mal,romanised,0,bucket,"[1.75,2.00)",200,0.03,0.01,0.055
mal,noncanonical,0,bucket,"[1.75,2.00)",200,0.01,0.0,0.025
mal,native,1,bucket,"[1.75,2.00)",200,0.035,0.01,0.06
mal,romanised,1,bucket,"[1.75,2.00)",200,0.02,0.005,0.045
mal,noncanonical,1,bucket,"[1.75,2.00)",200,0.005,0.0,0.015
mal,native,2,bucket,"[1.75,2.00)",200,0.035,0.01,0.065
mal,romanised,2,bucket,"[1.75,2.00)",200,0.025,0.005,0.05
mal,noncanonical,2,bucket,"[1.75,2.00)",200,0.01,0.0,0.025
mal,native,3,bucket,"[1.75,2.00)",200,0.08,0.04,0.12
mal,romanised,3,bucket,"[1.75,2.00)",200,0.02,0.005,0.04
mal,noncanonical,3,bucket,"[1.75,2.00)",200,0.015,0.0,0.035
mal,native,4,bucket,"[1.75,2.00)",200,0.12,0.075,0.165
mal,romanised,4,bucket,"[1.75,2.00)",200,0.02,0.005,0.04
mal,noncanonical,4,bucket,"[1.75,2.00)",200,0.02,0.005,0.04
mal,native,5,bucket,"[1.75,2.00)",200,0.215,0.155,0.275
mal,romanised,5,bucket,"[1.75,2.00)",200,0.02,0.005,0.04
mal,noncanonical,5,bucket,"[1.75,2.00)",200,0.02,0.005,0.04
mal,native,6,bucket,"[1.75,2.00)",200,0.285,0.22,0.345
mal,romanised,6,bucket,"[1.75,2.00)",200,0.025,0.005,0.05
mal,noncanonical,6,bucket,"[1.75,2.00)",200,0.035,0.01,0.06
mal,native,7,bucket,"[1.75,2.00)",200,0.335,0.27,0.4
mal,romanised,7,bucket,"[1.75,2.00)",200,0.025,0.005,0.05
mal,noncanonical,7,bucket,"[1.75,2.00)",200,0.03,0.01,0.055
mal,native,8,bucket,"[1.75,2.00)",200,0.35,0.285,0.415
mal,romanised,8,bucket,"[1.75,2.00)",200,0.035,0.015,0.065
mal,noncanonical,8,bucket,"[1.75,2.00)",200,0.035,0.01,0.06
mal,native,9,bucket,"[1.75,2.00)",200,0.495,0.415,0.56
mal,romanised,9,bucket,"[1.75,2.00)",200,0.03,0.01,0.055
mal,noncanonical,9,bucket,"[1.75,2.00)",200,0.065,0.035,0.1
mal,native,10,bucket,"[1.75,2.00)",200,0.56,0.485,0.625
mal,romanised,10,bucket,"[1.75,2.00)",200,0.015,0.0,0.035
mal,noncanonical,10,bucket,"[1.75,2.00)",200,0.055,0.025,0.085
mal,native,11,bucket,"[1.75,2.00)",200,0.61,0.535,0.675
mal,romanised,11,bucket,"[1.75,2.00)",200,0.015,0.0,0.035
mal,noncanonical,11,bucket,"[1.75,2.00)",200,0.075,0.04,0.115
mal,native,12,bucket,"[1.75,2.00)",200,0.64,0.57,0.705
mal,romanised,12,bucket,"[1.75,2.00)",200,0.015,0.0,0.03
mal,noncanonical,12,bucket,"[1.75,2.00)",200,0.08,0.045,0.12
mal,native,13,bucket,"[1.75,2.00)",200,0.56,0.485,0.625
mal,romanised,13,bucket,"[1.75,2.00)",200,0.02,0.005,0.04
mal,noncanonical,13,bucket,"[1.75,2.00)",200,0.09,0.05,0.13
mal,native,14,bucket,"[1.75,2.00)",200,0.555,0.48,0.62
mal,romanised,14,bucket,"[1.75,2.00)",200,0.01,0.0,0.025
mal,noncanonical,14,bucket,"[1.75,2.00)",200,0.115,0.075,0.16
mal,native,15,bucket,"[1.75,2.00)",200,0.625,0.55,0.685
mal,romanised,15,bucket,"[1.75,2.00)",200,0.015,0.0,0.035
mal,noncanonical,15,bucket,"[1.75,2.00)",200,0.13,0.085,0.175
mal,native,16,bucket,"[1.75,2.00)",200,0.595,0.525,0.66
mal,romanised,16,bucket,"[1.75,2.00)",200,0.015,0.0,0.035
mal,noncanonical,16,bucket,"[1.75,2.00)",200,0.06,0.03,0.09
mal,native,17,bucket,"[1.75,2.00)",200,0.62,0.54,0.68
mal,romanised,17,bucket,"[1.75,2.00)",200,0.015,0.0,0.035
mal,noncanonical,17,bucket,"[1.75,2.00)",200,0.055,0.025,0.085
mal,native,18,bucket,"[1.75,2.00)",200,0.62,0.545,0.68
mal,romanised,18,bucket,"[1.75,2.00)",200,0.01,0.0,0.025
mal,noncanonical,18,bucket,"[1.75,2.00)",200,0.045,0.02,0.075
mal,native,19,bucket,"[1.75,2.00)",200,0.62,0.545,0.68
mal,romanised,19,bucket,"[1.75,2.00)",200,0.03,0.01,0.055
mal,noncanonical,19,bucket,"[1.75,2.00)",200,0.1,0.06,0.14
mal,native,20,bucket,"[1.75,2.00)",200,0.635,0.56,0.7
mal,romanised,20,bucket,"[1.75,2.00)",200,0.04,0.015,0.07
mal,noncanonical,20,bucket,"[1.75,2.00)",200,0.105,0.065,0.15
mal,native,21,bucket,"[1.75,2.00)",200,0.635,0.56,0.6950952161413851
mal,romanised,21,bucket,"[1.75,2.00)",200,0.025,0.005,0.05
mal,noncanonical,21,bucket,"[1.75,2.00)",200,0.09,0.055,0.13
mal,native,22,bucket,"[1.75,2.00)",200,0.545,0.47,0.61
mal,romanised,22,bucket,"[1.75,2.00)",200,0.02,0.005,0.04
mal,noncanonical,22,bucket,"[1.75,2.00)",200,0.065,0.035,0.1
mal,native,23,bucket,"[1.75,2.00)",200,0.48,0.41,0.545
mal,romanised,23,bucket,"[1.75,2.00)",200,0.025,0.005,0.045
mal,noncanonical,23,bucket,"[1.75,2.00)",200,0.07,0.035,0.105
mal,native,24,bucket,"[1.75,2.00)",200,0.36,0.295,0.425
mal,romanised,24,bucket,"[1.75,2.00)",200,0.015,0.0,0.035
mal,noncanonical,24,bucket,"[1.75,2.00)",200,0.03,0.01,0.055
mar,native,0,bucket,"[1.25,1.50)",200,0.015,0.0,0.035
mar,romanised,0,bucket,"[1.25,1.50)",200,0.025,0.005,0.05
mar,noncanonical,0,bucket,"[1.25,1.50)",200,0.025,0.005,0.045
mar,native,1,bucket,"[1.25,1.50)",200,0.005,0.0,0.015
mar,romanised,1,bucket,"[1.25,1.50)",200,0.03,0.01,0.055
mar,noncanonical,1,bucket,"[1.25,1.50)",200,0.025,0.005,0.05
mar,native,2,bucket,"[1.25,1.50)",200,0.075,0.04,0.11
mar,romanised,2,bucket,"[1.25,1.50)",200,0.03,0.01,0.055
mar,noncanonical,2,bucket,"[1.25,1.50)",200,0.05,0.02,0.08
mar,native,3,bucket,"[1.25,1.50)",200,0.115,0.07,0.155
mar,romanised,3,bucket,"[1.25,1.50)",200,0.02,0.005,0.04
mar,noncanonical,3,bucket,"[1.25,1.50)",200,0.06,0.03,0.09
mar,native,4,bucket,"[1.25,1.50)",200,0.235,0.175,0.29
mar,romanised,4,bucket,"[1.25,1.50)",200,0.02,0.004447569152675328,0.04
mar,noncanonical,4,bucket,"[1.25,1.50)",200,0.06,0.03,0.095
mar,native,5,bucket,"[1.25,1.50)",200,0.29,0.225,0.345
mar,romanised,5,bucket,"[1.25,1.50)",200,0.01,0.0,0.025
mar,noncanonical,5,bucket,"[1.25,1.50)",200,0.075,0.04,0.11
mar,native,6,bucket,"[1.25,1.50)",200,0.345,0.27,0.405
mar,romanised,6,bucket,"[1.25,1.50)",200,0.025,0.005,0.05
mar,noncanonical,6,bucket,"[1.25,1.50)",200,0.105,0.065,0.15
mar,native,7,bucket,"[1.25,1.50)",200,0.375,0.3,0.435
mar,romanised,7,bucket,"[1.25,1.50)",200,0.015,0.0,0.035
mar,noncanonical,7,bucket,"[1.25,1.50)",200,0.11,0.07,0.155
mar,native,8,bucket,"[1.25,1.50)",200,0.44,0.365,0.5
mar,romanised,8,bucket,"[1.25,1.50)",200,0.025,0.005,0.05
mar,noncanonical,8,bucket,"[1.25,1.50)",200,0.08,0.045,0.115
mar,native,9,bucket,"[1.25,1.50)",200,0.58,0.5051489099288624,0.64
mar,romanised,9,bucket,"[1.25,1.50)",200,0.02,0.005,0.04
mar,noncanonical,9,bucket,"[1.25,1.50)",200,0.11,0.07,0.155
mar,native,10,bucket,"[1.25,1.50)",200,0.59,0.52,0.65
mar,romanised,10,bucket,"[1.25,1.50)",200,0.015,0.0,0.035
mar,noncanonical,10,bucket,"[1.25,1.50)",200,0.11,0.07,0.155
mar,native,11,bucket,"[1.25,1.50)",200,0.66,0.585,0.72
mar,romanised,11,bucket,"[1.25,1.50)",200,0.02,0.005,0.04
mar,noncanonical,11,bucket,"[1.25,1.50)",200,0.17,0.12,0.225
mar,native,12,bucket,"[1.25,1.50)",200,0.67,0.595,0.725
mar,romanised,12,bucket,"[1.25,1.50)",200,0.01,0.0,0.025
mar,noncanonical,12,bucket,"[1.25,1.50)",200,0.205,0.15,0.26
mar,native,13,bucket,"[1.25,1.50)",200,0.64,0.56,0.695
mar,romanised,13,bucket,"[1.25,1.50)",200,0.015,0.0,0.035
mar,noncanonical,13,bucket,"[1.25,1.50)",200,0.33,0.26,0.39
mar,native,14,bucket,"[1.25,1.50)",200,0.55,0.47,0.61
mar,romanised,14,bucket,"[1.25,1.50)",200,0.01,0.0,0.025
mar,noncanonical,14,bucket,"[1.25,1.50)",200,0.33,0.25535814505061016,0.39
mar,native,15,bucket,"[1.25,1.50)",200,0.64,0.57,0.7
mar,romanised,15,bucket,"[1.25,1.50)",200,0.02,0.005,0.04
mar,noncanonical,15,bucket,"[1.25,1.50)",200,0.4,0.325,0.465
mar,native,16,bucket,"[1.25,1.50)",200,0.67,0.595,0.725
mar,romanised,16,bucket,"[1.25,1.50)",200,0.02,0.005,0.04
mar,noncanonical,16,bucket,"[1.25,1.50)",200,0.29,0.225,0.355
mar,native,17,bucket,"[1.25,1.50)",200,0.685,0.615,0.74
mar,romanised,17,bucket,"[1.25,1.50)",200,0.03,0.01,0.055
mar,noncanonical,17,bucket,"[1.25,1.50)",200,0.31,0.245,0.375
mar,native,18,bucket,"[1.25,1.50)",200,0.675,0.6,0.73
mar,romanised,18,bucket,"[1.25,1.50)",200,0.015,0.0,0.035
mar,noncanonical,18,bucket,"[1.25,1.50)",200,0.24,0.18,0.3
mar,native,19,bucket,"[1.25,1.50)",200,0.695,0.625,0.745
mar,romanised,19,bucket,"[1.25,1.50)",200,0.04,0.015,0.07
mar,noncanonical,19,bucket,"[1.25,1.50)",200,0.37,0.3,0.435
mar,native,20,bucket,"[1.25,1.50)",200,0.66,0.585,0.715
mar,romanised,20,bucket,"[1.25,1.50)",200,0.05,0.02,0.08
mar,noncanonical,20,bucket,"[1.25,1.50)",200,0.38,0.31,0.445
mar,native,21,bucket,"[1.25,1.50)",200,0.595,0.52,0.655
mar,romanised,21,bucket,"[1.25,1.50)",200,0.03,0.01,0.055
mar,noncanonical,21,bucket,"[1.25,1.50)",200,0.41,0.335,0.475
mar,native,22,bucket,"[1.25,1.50)",200,0.445,0.365,0.505
mar,romanised,22,bucket,"[1.25,1.50)",200,0.005,0.0,0.015
mar,noncanonical,22,bucket,"[1.25,1.50)",200,0.275,0.215,0.335
mar,native,23,bucket,"[1.25,1.50)",200,0.375,0.30359432997991254,0.44
mar,romanised,23,bucket,"[1.25,1.50)",200,0.005,0.0,0.015
mar,noncanonical,23,bucket,"[1.25,1.50)",200,0.175,0.12148642138060442,0.225
mar,native,24,bucket,"[1.25,1.50)",200,0.23,0.165,0.29
mar,romanised,24,bucket,"[1.25,1.50)",200,0.005,0.0,0.015
mar,noncanonical,24,bucket,"[1.25,1.50)",200,0.17,0.12,0.22
mar,native,0,bucket,"[1.75,2.00)",200,0.015,0.0,0.035
mar,romanised,0,bucket,"[1.75,2.00)",200,0.025,0.005,0.05
mar,noncanonical,0,bucket,"[1.75,2.00)",200,0.015,0.0,0.035
mar,native,1,bucket,"[1.75,2.00)",200,0.005,0.0,0.015
mar,romanised,1,bucket,"[1.75,2.00)",200,0.03,0.01,0.055
mar,noncanonical,1,bucket,"[1.75,2.00)",200,0.015,0.0,0.035
mar,native,2,bucket,"[1.75,2.00)",200,0.075,0.04,0.11
mar,romanised,2,bucket,"[1.75,2.00)",200,0.03,0.01,0.055
mar,noncanonical,2,bucket,"[1.75,2.00)",200,0.045,0.02,0.075
mar,native,3,bucket,"[1.75,2.00)",200,0.115,0.07,0.155
mar,romanised,3,bucket,"[1.75,2.00)",200,0.02,0.005,0.04
mar,noncanonical,3,bucket,"[1.75,2.00)",200,0.025,0.005,0.05
mar,native,4,bucket,"[1.75,2.00)",200,0.235,0.175,0.29
mar,romanised,4,bucket,"[1.75,2.00)",200,0.02,0.004447569152675328,0.04
mar,noncanonical,4,bucket,"[1.75,2.00)",200,0.05,0.02,0.08
mar,native,5,bucket,"[1.75,2.00)",200,0.29,0.225,0.345
mar,romanised,5,bucket,"[1.75,2.00)",200,0.01,0.0,0.025
mar,noncanonical,5,bucket,"[1.75,2.00)",200,0.045,0.02,0.075
mar,native,6,bucket,"[1.75,2.00)",200,0.345,0.27,0.405
mar,romanised,6,bucket,"[1.75,2.00)",200,0.025,0.005,0.05
mar,noncanonical,6,bucket,"[1.75,2.00)",200,0.04,0.015,0.07
mar,native,7,bucket,"[1.75,2.00)",200,0.375,0.3,0.435
mar,romanised,7,bucket,"[1.75,2.00)",200,0.015,0.0,0.035
mar,noncanonical,7,bucket,"[1.75,2.00)",200,0.05,0.02,0.085
mar,native,8,bucket,"[1.75,2.00)",200,0.44,0.365,0.5
mar,romanised,8,bucket,"[1.75,2.00)",200,0.025,0.005,0.05
mar,noncanonical,8,bucket,"[1.75,2.00)",200,0.03,0.01,0.055
mar,native,9,bucket,"[1.75,2.00)",200,0.58,0.5051489099288624,0.64
mar,romanised,9,bucket,"[1.75,2.00)",200,0.02,0.005,0.04
mar,noncanonical,9,bucket,"[1.75,2.00)",200,0.035,0.015,0.06
mar,native,10,bucket,"[1.75,2.00)",200,0.59,0.52,0.65
mar,romanised,10,bucket,"[1.75,2.00)",200,0.015,0.0,0.035
mar,noncanonical,10,bucket,"[1.75,2.00)",200,0.02,0.005,0.04
mar,native,11,bucket,"[1.75,2.00)",200,0.66,0.585,0.72
mar,romanised,11,bucket,"[1.75,2.00)",200,0.02,0.005,0.04
mar,noncanonical,11,bucket,"[1.75,2.00)",200,0.03,0.01,0.055
mar,native,12,bucket,"[1.75,2.00)",200,0.67,0.595,0.725
mar,romanised,12,bucket,"[1.75,2.00)",200,0.01,0.0,0.025
mar,noncanonical,12,bucket,"[1.75,2.00)",200,0.03,0.01,0.055
mar,native,13,bucket,"[1.75,2.00)",200,0.64,0.56,0.695
mar,romanised,13,bucket,"[1.75,2.00)",200,0.015,0.0,0.035
mar,noncanonical,13,bucket,"[1.75,2.00)",200,0.055,0.025,0.09
mar,native,14,bucket,"[1.75,2.00)",200,0.55,0.47,0.61
mar,romanised,14,bucket,"[1.75,2.00)",200,0.01,0.0,0.025
mar,noncanonical,14,bucket,"[1.75,2.00)",200,0.085,0.05,0.125
mar,native,15,bucket,"[1.75,2.00)",200,0.64,0.57,0.7
mar,romanised,15,bucket,"[1.75,2.00)",200,0.02,0.005,0.04
mar,noncanonical,15,bucket,"[1.75,2.00)",200,0.085,0.045,0.12
mar,native,16,bucket,"[1.75,2.00)",200,0.67,0.595,0.725
mar,romanised,16,bucket,"[1.75,2.00)",200,0.02,0.005,0.04
mar,noncanonical,16,bucket,"[1.75,2.00)",200,0.01,0.0,0.025
mar,native,17,bucket,"[1.75,2.00)",200,0.685,0.615,0.74
mar,romanised,17,bucket,"[1.75,2.00)",200,0.03,0.01,0.055
mar,noncanonical,17,bucket,"[1.75,2.00)",200,0.02,0.005,0.04
mar,native,18,bucket,"[1.75,2.00)",200,0.675,0.6,0.73
mar,romanised,18,bucket,"[1.75,2.00)",200,0.015,0.0,0.035
mar,noncanonical,18,bucket,"[1.75,2.00)",200,0.01,0.0,0.025
mar,native,19,bucket,"[1.75,2.00)",200,0.695,0.625,0.745
mar,romanised,19,bucket,"[1.75,2.00)",200,0.04,0.015,0.07
mar,noncanonical,19,bucket,"[1.75,2.00)",200,0.045,0.02,0.075
mar,native,20,bucket,"[1.75,2.00)",200,0.66,0.585,0.715
mar,romanised,20,bucket,"[1.75,2.00)",200,0.05,0.02,0.08
mar,noncanonical,20,bucket,"[1.75,2.00)",200,0.06,0.03,0.095
mar,native,21,bucket,"[1.75,2.00)",200,0.595,0.52,0.655
mar,romanised,21,bucket,"[1.75,2.00)",200,0.03,0.01,0.055
mar,noncanonical,21,bucket,"[1.75,2.00)",200,0.06,0.03,0.095
mar,native,22,bucket,"[1.75,2.00)",200,0.445,0.365,0.505
mar,romanised,22,bucket,"[1.75,2.00)",200,0.005,0.0,0.015
mar,noncanonical,22,bucket,"[1.75,2.00)",200,0.065,0.03,0.1
mar,native,23,bucket,"[1.75,2.00)",200,0.375,0.30359432997991254,0.44
mar,romanised,23,bucket,"[1.75,2.00)",200,0.005,0.0,0.015
mar,noncanonical,23,bucket,"[1.75,2.00)",200,0.09,0.05,0.13
mar,native,24,bucket,"[1.75,2.00)",200,0.23,0.165,0.29
mar,romanised,24,bucket,"[1.75,2.00)",200,0.005,0.0,0.015
mar,noncanonical,24,bucket,"[1.75,2.00)",200,0.04,0.015,0.07
hin,native,0,bucket,"[1.25,1.50)",200,0.015,0.0,0.03
hin,romanised,0,bucket,"[1.25,1.50)",200,0.015,0.0,0.03
hin,noncanonical,0,bucket,"[1.25,1.50)",200,0.015,0.0,0.03
hin,native,1,bucket,"[1.25,1.50)",200,0.02,0.003306445308060013,0.04
hin,romanised,1,bucket,"[1.25,1.50)",200,0.015,0.0,0.035
hin,noncanonical,1,bucket,"[1.25,1.50)",200,0.015,0.0,0.03
hin,native,2,bucket,"[1.25,1.50)",200,0.07,0.035,0.105
hin,romanised,2,bucket,"[1.25,1.50)",200,0.035,0.01,0.06
hin,noncanonical,2,bucket,"[1.25,1.50)",200,0.02,0.005,0.04
hin,native,3,bucket,"[1.25,1.50)",200,0.15,0.1,0.2
hin,romanised,3,bucket,"[1.25,1.50)",200,0.03,0.01,0.055
hin,noncanonical,3,bucket,"[1.25,1.50)",200,0.035,0.015,0.06
hin,native,4,bucket,"[1.25,1.50)",200,0.25,0.19,0.31
hin,romanised,4,bucket,"[1.25,1.50)",200,0.015,0.0,0.03
hin,noncanonical,4,bucket,"[1.25,1.50)",200,0.09,0.05,0.13
hin,native,5,bucket,"[1.25,1.50)",200,0.35,0.275,0.41
hin,romanised,5,bucket,"[1.25,1.50)",200,0.025,0.005,0.045
hin,noncanonical,5,bucket,"[1.25,1.50)",200,0.115,0.07,0.16
hin,native,6,bucket,"[1.25,1.50)",200,0.5,0.425,0.565
hin,romanised,6,bucket,"[1.25,1.50)",200,0.02,0.005,0.04
hin,noncanonical,6,bucket,"[1.25,1.50)",200,0.13,0.08,0.17
hin,native,7,bucket,"[1.25,1.50)",200,0.55,0.475,0.615
hin,romanised,7,bucket,"[1.25,1.50)",200,0.025,0.005,0.05
hin,noncanonical,7,bucket,"[1.25,1.50)",200,0.135,0.085,0.18
hin,native,8,bucket,"[1.25,1.50)",200,0.605,0.5256456623824097,0.665
hin,romanised,8,bucket,"[1.25,1.50)",200,0.025,0.005,0.05
hin,noncanonical,8,bucket,"[1.25,1.50)",200,0.095,0.055,0.135
hin,native,9,bucket,"[1.25,1.50)",200,0.695,0.625,0.75
hin,romanised,9,bucket,"[1.25,1.50)",200,0.02,0.003306445308060013,0.04
hin,noncanonical,9,bucket,"[1.25,1.50)",200,0.17,0.11695701084431548,0.22
hin,native,10,bucket,"[1.25,1.50)",200,0.715,0.645,0.7694113533810253
hin,romanised,10,bucket,"[1.25,1.50)",200,0.035,0.01,0.06
hin,noncanonical,10,bucket,"[1.25,1.50)",200,0.16,0.11,0.21
hin,native,11,bucket,"[1.25,1.50)",200,0.725,0.655,0.78
hin,romanised,11,bucket,"[1.25,1.50)",200,0.05,0.02,0.08
hin,noncanonical,11,bucket,"[1.25,1.50)",200,0.235,0.175,0.295
hin,native,12,bucket,"[1.25,1.50)",200,0.73,0.655,0.785
hin,romanised,12,bucket,"[1.25,1.50)",200,0.05,0.02,0.08
hin,noncanonical,12,bucket,"[1.25,1.50)",200,0.265,0.2,0.32
hin,native,13,bucket,"[1.25,1.50)",200,0.72,0.645,0.77
hin,romanised,13,bucket,"[1.25,1.50)",200,0.065,0.03,0.1
hin,noncanonical,13,bucket,"[1.25,1.50)",200,0.375,0.305,0.435
hin,native,14,bucket,"[1.25,1.50)",200,0.73,0.655,0.78
hin,romanised,14,bucket,"[1.25,1.50)",200,0.06,0.03,0.095
hin,noncanonical,14,bucket,"[1.25,1.50)",200,0.385,0.315,0.45
hin,native,15,bucket,"[1.25,1.50)",200,0.73,0.655,0.78
hin,romanised,15,bucket,"[1.25,1.50)",200,0.065,0.035,0.1
hin,noncanonical,15,bucket,"[1.25,1.50)",200,0.44,0.365,0.505
hin,native,16,bucket,"[1.25,1.50)",200,0.7,0.625,0.75
hin,romanised,16,bucket,"[1.25,1.50)",200,0.05,0.025,0.08004588625806605
hin,noncanonical,16,bucket,"[1.25,1.50)",200,0.26,0.2,0.315
hin,native,17,bucket,"[1.25,1.50)",200,0.705,0.63,0.755
hin,romanised,17,bucket,"[1.25,1.50)",200,0.05,0.02,0.08
hin,noncanonical,17,bucket,"[1.25,1.50)",200,0.22,0.16,0.27
hin,native,18,bucket,"[1.25,1.50)",200,0.68,0.61,0.7355465187074458
hin,romanised,18,bucket,"[1.25,1.50)",200,0.05,0.02,0.08
hin,noncanonical,18,bucket,"[1.25,1.50)",200,0.185,0.135,0.235
hin,native,19,bucket,"[1.25,1.50)",200,0.7,0.625,0.755
hin,romanised,19,bucket,"[1.25,1.50)",200,0.085,0.05,0.12
hin,noncanonical,19,bucket,"[1.25,1.50)",200,0.39,0.315,0.455
hin,native,20,bucket,"[1.25,1.50)",200,0.705,0.635,0.755
hin,romanised,20,bucket,"[1.25,1.50)",200,0.07,0.035,0.105
hin,noncanonical,20,bucket,"[1.25,1.50)",200,0.335,0.265,0.395
hin,native,21,bucket,"[1.25,1.50)",200,0.71,0.64,0.765
hin,romanised,21,bucket,"[1.25,1.50)",200,0.03,0.01,0.055
hin,noncanonical,21,bucket,"[1.25,1.50)",200,0.34,0.27,0.4
hin,native,22,bucket,"[1.25,1.50)",200,0.68,0.605,0.735
hin,romanised,22,bucket,"[1.25,1.50)",200,0.05,0.02,0.08
hin,noncanonical,22,bucket,"[1.25,1.50)",200,0.165,0.11,0.215
hin,native,23,bucket,"[1.25,1.50)",200,0.65,0.575,0.705
hin,romanised,23,bucket,"[1.25,1.50)",200,0.02,0.005,0.04
hin,noncanonical,23,bucket,"[1.25,1.50)",200,0.155,0.11,0.2
hin,native,24,bucket,"[1.25,1.50)",200,0.505,0.425,0.565
hin,romanised,24,bucket,"[1.25,1.50)",200,0.02,0.005,0.04
hin,noncanonical,24,bucket,"[1.25,1.50)",200,0.12,0.075,0.16
hin,native,0,bucket,"[1.75,2.00)",200,0.015,0.0,0.03
hin,romanised,0,bucket,"[1.75,2.00)",200,0.015,0.0,0.03
hin,noncanonical,0,bucket,"[1.75,2.00)",200,0.015,0.0,0.03
hin,native,1,bucket,"[1.75,2.00)",200,0.02,0.003306445308060013,0.04
hin,romanised,1,bucket,"[1.75,2.00)",200,0.015,0.0,0.035
hin,noncanonical,1,bucket,"[1.75,2.00)",200,0.015,0.0,0.03
hin,native,2,bucket,"[1.75,2.00)",200,0.07,0.035,0.105
hin,romanised,2,bucket,"[1.75,2.00)",200,0.035,0.01,0.06
hin,noncanonical,2,bucket,"[1.75,2.00)",200,0.02,0.0027339015983989866,0.04
hin,native,3,bucket,"[1.75,2.00)",200,0.15,0.1,0.2
hin,romanised,3,bucket,"[1.75,2.00)",200,0.03,0.01,0.055
hin,noncanonical,3,bucket,"[1.75,2.00)",200,0.025,0.005,0.045
hin,native,4,bucket,"[1.75,2.00)",200,0.25,0.19,0.31
hin,romanised,4,bucket,"[1.75,2.00)",200,0.015,0.0,0.03
hin,noncanonical,4,bucket,"[1.75,2.00)",200,0.045,0.02,0.075
hin,native,5,bucket,"[1.75,2.00)",200,0.35,0.275,0.41
hin,romanised,5,bucket,"[1.75,2.00)",200,0.025,0.005,0.045
hin,noncanonical,5,bucket,"[1.75,2.00)",200,0.045,0.02,0.075
hin,native,6,bucket,"[1.75,2.00)",200,0.5,0.425,0.565
hin,romanised,6,bucket,"[1.75,2.00)",200,0.02,0.005,0.04
hin,noncanonical,6,bucket,"[1.75,2.00)",200,0.04,0.015,0.07
hin,native,7,bucket,"[1.75,2.00)",200,0.55,0.475,0.615
hin,romanised,7,bucket,"[1.75,2.00)",200,0.025,0.005,0.05
hin,noncanonical,7,bucket,"[1.75,2.00)",200,0.045,0.02,0.075
hin,native,8,bucket,"[1.75,2.00)",200,0.605,0.5256456623824097,0.665
hin,romanised,8,bucket,"[1.75,2.00)",200,0.025,0.005,0.05
hin,noncanonical,8,bucket,"[1.75,2.00)",200,0.025,0.005,0.05
hin,native,9,bucket,"[1.75,2.00)",200,0.695,0.625,0.75
hin,romanised,9,bucket,"[1.75,2.00)",200,0.02,0.003306445308060013,0.04
hin,noncanonical,9,bucket,"[1.75,2.00)",200,0.035,0.01,0.065
hin,native,10,bucket,"[1.75,2.00)",200,0.715,0.645,0.7694113533810253
hin,romanised,10,bucket,"[1.75,2.00)",200,0.035,0.01,0.06
hin,noncanonical,10,bucket,"[1.75,2.00)",200,0.03,0.01,0.055
hin,native,11,bucket,"[1.75,2.00)",200,0.725,0.655,0.78
hin,romanised,11,bucket,"[1.75,2.00)",200,0.05,0.02,0.08
hin,noncanonical,11,bucket,"[1.75,2.00)",200,0.03,0.01,0.055
hin,native,12,bucket,"[1.75,2.00)",200,0.73,0.655,0.785
hin,romanised,12,bucket,"[1.75,2.00)",200,0.05,0.02,0.08
hin,noncanonical,12,bucket,"[1.75,2.00)",200,0.05,0.02,0.08
hin,native,13,bucket,"[1.75,2.00)",200,0.72,0.645,0.77
hin,romanised,13,bucket,"[1.75,2.00)",200,0.065,0.03,0.1
hin,noncanonical,13,bucket,"[1.75,2.00)",200,0.09,0.05,0.13
hin,native,14,bucket,"[1.75,2.00)",200,0.73,0.655,0.78
hin,romanised,14,bucket,"[1.75,2.00)",200,0.06,0.03,0.095
hin,noncanonical,14,bucket,"[1.75,2.00)",200,0.1,0.06,0.14422103356986554
hin,native,15,bucket,"[1.75,2.00)",200,0.73,0.655,0.78
hin,romanised,15,bucket,"[1.75,2.00)",200,0.065,0.035,0.1
hin,noncanonical,15,bucket,"[1.75,2.00)",200,0.11,0.07,0.155
hin,native,16,bucket,"[1.75,2.00)",200,0.7,0.625,0.75
hin,romanised,16,bucket,"[1.75,2.00)",200,0.05,0.025,0.08004588625806605
hin,noncanonical,16,bucket,"[1.75,2.00)",200,0.03,0.01,0.055
hin,native,17,bucket,"[1.75,2.00)",200,0.705,0.63,0.755
hin,romanised,17,bucket,"[1.75,2.00)",200,0.05,0.02,0.08
hin,noncanonical,17,bucket,"[1.75,2.00)",200,0.045,0.02,0.075
hin,native,18,bucket,"[1.75,2.00)",200,0.68,0.61,0.7355465187074458
hin,romanised,18,bucket,"[1.75,2.00)",200,0.05,0.02,0.08
hin,noncanonical,18,bucket,"[1.75,2.00)",200,0.02,0.0,0.04
hin,native,19,bucket,"[1.75,2.00)",200,0.7,0.625,0.755
hin,romanised,19,bucket,"[1.75,2.00)",200,0.085,0.05,0.12
hin,noncanonical,19,bucket,"[1.75,2.00)",200,0.07,0.035,0.105
hin,native,20,bucket,"[1.75,2.00)",200,0.705,0.635,0.755
hin,romanised,20,bucket,"[1.75,2.00)",200,0.07,0.035,0.105
hin,noncanonical,20,bucket,"[1.75,2.00)",200,0.04,0.015,0.07
hin,native,21,bucket,"[1.75,2.00)",200,0.71,0.64,0.765
hin,romanised,21,bucket,"[1.75,2.00)",200,0.03,0.01,0.055
hin,noncanonical,21,bucket,"[1.75,2.00)",200,0.06,0.03,0.09381164970732585
hin,native,22,bucket,"[1.75,2.00)",200,0.68,0.605,0.735
hin,romanised,22,bucket,"[1.75,2.00)",200,0.05,0.02,0.08
hin,noncanonical,22,bucket,"[1.75,2.00)",200,0.03,0.01,0.055
hin,native,23,bucket,"[1.75,2.00)",200,0.65,0.575,0.705
hin,romanised,23,bucket,"[1.75,2.00)",200,0.02,0.005,0.04
hin,noncanonical,23,bucket,"[1.75,2.00)",200,0.02,0.005,0.04
hin,native,24,bucket,"[1.75,2.00)",200,0.505,0.425,0.565
hin,romanised,24,bucket,"[1.75,2.00)",200,0.02,0.005,0.04
hin,noncanonical,24,bucket,"[1.75,2.00)",200,0.02,0.005,0.04
