tokeniser,lang,condition,fertility,cpt,wfr,tp,byte_premium,n_tokens,n_words,n_segments
byt5,guj,native,16.713568662783878,0.37702878781102395,0.9985196958191492,2.4960786257016987,2.4960786257016987,444875,26982,1400
byt5,guj,romanised,6.721207004227696,0.9991273761169543,0.8813161326347534,1.1305011202818482,1.1305011202818482,201783,30291,1400
byt5,tam,native,28.918903668595437,0.36051824323097276,0.9976349130303576,3.0219308714397193,3.0219308714397193,535673,18983,1400
byt5,tam,romanised,11.498289519868525,0.9432693971566062,0.8443298540603641,1.4429200212220736,1.4429200212220736,256237,22827,1400
byt5,mal,native,28.519997993777324,0.36068845407899575,0.9936149268535092,2.845615786643619,2.845615786643619,504810,17903,1400
byt5,mal,romanised,9.869497115945192,0.932236483596249,0.8407145800441809,1.1630727582049911,1.1630727582049911,206591,21237,1400
byt5,mar,native,19.886941273571107,0.36914365986338066,0.9988273944577272,2.537613561981549,2.5371779704411423,452428,23084,1400
byt5,mar,romanised,7.615079165761398,0.9955279940563738,0.8760002841785568,1.1273574621109832,1.1273574621109832,200961,26775,1400
byt5,hin,native,13.663088115783609,0.3832707394309806,0.998512097892121,2.55323589306355,2.55323589306355,455675,33608,1400
byt5,hin,romanised,5.965124488148081,0.9972162949066858,0.9409645429304562,1.2004054256195476,1.2004054256195476,214663,36364,1400
gemma2,guj,native,4.21053314415011,1.501396556281668,0.9665893919743971,3.098624699044179,2.4960786257016987,111628,26982,1400
gemma2,guj,romanised,2.164107572303217,3.1136767503879343,0.6482583291760582,1.7912221495101854,1.1305011202818482,64882,30291,1400
gemma2,tam,native,5.098711730793329,2.0528669725609388,0.9944720704001553,2.6216773245170972,3.0219308714397193,93996,18983,1400
gemma2,tam,romanised,4.547444233744484,2.3889229603317603,0.8154672705237044,2.8230849346819755,1.4429200212220736,101385,22827,1400
gemma2,mal,native,6.1169518979902,1.6802270393082608,0.9778438128754144,3.0206002945727835,2.845615786643619,108196,17903,1400
gemma2,mal,romanised,3.6521398451883558,2.5313728685449997,0.7863912473679763,2.1252316257492323,1.1630727582049911,76701,21237,1400
gemma2,mar,native,3.5925952598929687,2.0523064999815115,0.9416312886451808,2.2583943169821383,2.5371779704411423,81129,23084,1400
gemma2,mar,romanised,2.541649170255714,2.98943908331005,0.7353554651257045,1.856748756974932,1.1273574621109832,67055,26775,1400
gemma2,hin,native,2.1626853303748272,2.4529814072894105,0.7057200419837727,1.9803198162306581,2.55323589306355,71433,33608,1400
gemma2,hin,romanised,1.9685111952948295,3.031181621786758,0.5791717624160265,1.9505051460671627,1.2004054256195476,70664,36364,1400
gpt2,guj,native,16.548632778022437,0.3809897267527141,0.9923368315638293,12.136045803817597,2.4960786257016987,440526,26982,1400
gpt2,guj,romanised,2.60624202970651,2.5867651795131006,0.7203096219008129,2.1454064029697713,1.1305011202818482,78093,30291,1400
gpt2,tam,native,28.638960957463038,0.364351586819429,0.9891552200414508,14.69962344724817,3.0219308714397193,530493,18983,1400
gpt2,tam,romanised,5.847161295429914,1.8663716842915097,0.8226959879567819,3.600717932366667,1.4429200212220736,130141,22827,1400
gpt2,mal,native,28.254670625635363,0.3642392327616289,0.9832473096941645,13.849057105745224,2.845615786643619,500112,17903,1400
gpt2,mal,romanised,4.707710805606554,1.9767486836358623,0.7961781410770384,2.720439359049539,1.1630727582049911,98636,21237,1400
gpt2,mar,native,11.998015332159659,0.6128319755556978,0.9953172091424534,7.513927337767447,2.5371779704411423,272530,23084,1400
gpt2,mar,romanised,3.0550063977780124,2.487568897973748,0.776251120346855,2.220600513599867,1.1273574621109832,80653,26775,1400
gpt2,hin,native,8.185656416922917,0.6407836672000011,0.992959394062296,7.505386424634795,2.55323589306355,272733,33608,1400
gpt2,hin,romanised,2.361052056213248,2.5265939555471646,0.6465839142025515,2.326934209810703,1.2004054256195476,84909,36364,1400
indicbert,guj,native,2.1620019120420197,2.9233550683602325,0.6974129135466282,1.3951772281718093,2.4960786257016987,57442,26982,1400
indicbert,guj,romanised,2.4765990236493547,2.71411172496952,0.7783435566519669,1.803422088735256,1.1305011202818482,74263,30291,1400
indicbert,tam,native,3.9168800037479046,2.672509650647319,0.8984999028231784,1.771438214774255,3.0219308714397193,72500,18983,1400
indicbert,tam,romanised,4.516870261433042,2.401309812160025,0.830252157009227,2.4606039203236647,1.4429200212220736,100660,22827,1400
indicbert,mal,native,3.828107290118832,2.6907315058751515,0.8849598974024221,1.656784187033064,2.845615786643619,67875,17903,1400
indicbert,mal,romanised,3.70607370690186,2.4877285440797747,0.8046341893405562,1.892155443551494,1.1630727582049911,77568,21237,1400
indicbert,mar,native,2.4712992647498786,2.9790411772370757,0.7663484090684558,1.362198983331329,2.5371779704411423,56137,23084,1400
indicbert,mar,romanised,2.8191406328605897,2.688356432826363,0.8302263112979628,1.8072443088479946,1.1273574621109832,74541,26775,1400
indicbert,hin,native,1.753019564789919,2.992854091572215,0.5268058553658643,1.4168889057887435,2.55323589306355,58489,33608,1400
indicbert,hin,romanised,2.2522953194271054,2.6437507115454957,0.7278468870620702,1.9609195185736135,1.2004054256195476,80965,36364,1400
llama31,guj,native,10.594101546451812,0.5957128476835278,0.9937665385674749,7.735945619027611,2.4960786257016987,281563,26982,1400
llama31,guj,romanised,2.4117692080310507,2.7913890471084764,0.7087718402247039,1.9789162431940808,1.1305011202818482,72341,30291,1400
llama31,tam,native,14.329446291037584,0.7274950824320268,0.9913109129865116,7.323536477996845,3.0219308714397193,265491,18983,1400
llama31,tam,romanised,5.2467769447658075,2.073981258140686,0.819330575084159,3.219349642734643,1.4429200212220736,116841,22827,1400
llama31,mal,native,16.63577414390906,0.6173169267870239,0.986294844135496,8.132471351394555,2.845615786643619,294668,17903,1400
llama31,mal,romanised,4.204980909961941,2.203345956135651,0.7949246977256734,2.4199593633255208,1.1630727582049911,88102,21237,1400
llama31,mar,native,4.342943415729991,1.6896029569149966,0.9793363465917573,2.707625174955186,2.5371779704411423,98740,23084,1400
llama31,mar,romanised,2.825604191530411,2.6879288367822896,0.7732338405022304,2.045020151441951,1.1273574621109832,74474,26775,1400
llama31,hin,native,2.821903274672353,1.8578963966678992,0.9210757697892479,2.573960373547527,2.55323589306355,93952,33608,1400
llama31,hin,romanised,2.153633971138987,2.7689505484282733,0.6207156787011754,2.1138214761276957,1.2004054256195476,77297,36364,1400
mbert,guj,native,3.4377444755060327,1.850530765171391,0.7468861505311921,2.3468371476244236,2.4960786257016987,90789,26982,1400
mbert,guj,romanised,2.2510535728581127,2.990527683810675,0.692291432308396,1.736960100399476,1.1305011202818482,67442,30291,1400
mbert,tam,native,4.2561038797326365,2.4765620869449103,0.8123893002002803,2.0303382183744865,3.0219308714397193,78330,18983,1400
mbert,tam,romanised,4.688999532675957,2.319590061065206,0.8252711522181934,2.706038107520088,1.4429200212220736,104473,22827,1400
mbert,mal,native,5.3031697743749096,1.9525162449234128,0.8817286113132985,2.4272571530911367,2.845615786643619,93693,17903,1400
mbert,mal,romanised,3.6747654875733797,2.5131446315094297,0.7957573949668767,1.9875495552007973,1.1630727582049911,76966,21237,1400
mbert,mar,native,3.2303725317605143,2.2989451110052657,0.7752671281109008,1.8831130859357486,2.5371779704411423,73049,23084,1400
mbert,mar,romanised,2.607035183610813,2.911219318677375,0.7592238181277956,1.7737993630229472,1.1273574621109832,68780,26775,1400
mbert,hin,native,2.0738121775555456,2.5577448328570394,0.4646773674229309,1.7672999873789146,2.55323589306355,68602,33608,1400
mbert,hin,romanised,2.0642033939127082,2.8883310208684736,0.6397591351231392,1.9044458730481175,1.2004054256195476,74056,36364,1400
mt5,guj,native,2.8876575453434774,2.181747937388452,0.9132722340907723,1.678203376751542,2.4960786257016987,76888,26982,1400
mt5,guj,romanised,2.2299495528641615,3.015781943988479,0.8031960696710563,1.4612584395978347,1.1305011202818482,66979,30291,1400
mt5,tam,native,2.9943387450087746,3.5130443448571147,0.8684409185311222,1.2145781290316557,3.0219308714397193,55304,18983,1400
mt5,tam,romanised,4.365149696611865,2.4827115865972127,0.9743130414795091,2.141811462542427,1.4429200212220736,97505,22827,1400
mt5,mal,native,3.1818541103837994,3.248901468164893,0.9042241585270329,1.2373597445527937,2.845615786643619,56187,17903,1400
mt5,mal,romanised,3.634867001254425,2.5351513908896126,0.9453072385863064,1.6749609973783441,1.1630727582049911,76469,21237,1400
mt5,mar,native,2.888577943007532,2.5423221863114356,0.9239896380084981,1.435845115375975,2.5371779704411423,65545,23084,1400
mt5,mar,romanised,2.563110008234014,2.959765313928934,0.8519671257091831,1.482679836578646,1.1273574621109832,67879,26775,1400
mt5,hin,native,2.1277894462192033,2.4643491025953983,0.714437331604398,1.5461754309522069,2.55323589306355,71060,33608,1400
mt5,hin,romanised,1.9783755030395505,3.01319909398387,0.6407456418525822,1.5506857935513325,1.2004054256195476,71297,36364,1400
nllb,guj,native,2.0877950496678648,3.0715196183421347,0.5409332509649095,1.3169088420563888,2.4960786257016987,54976,26982,1400
nllb,guj,romanised,2.025962560774004,3.328146201570016,0.6089719732870765,1.4536076766590047,1.1305011202818482,60699,30291,1400
nllb,tam,native,3.142091593270704,3.3820512486966683,0.7430310629044186,1.3882539036160126,3.0219308714397193,57620,18983,1400
nllb,tam,romanised,4.313396137058453,2.5185618596038615,0.8148823679173776,2.314736742715856,1.4429200212220736,96074,22827,1400
nllb,mal,native,3.265496160358033,3.195853122247339,0.8058132143192264,1.3861596350843266,2.845615786643619,57425,17903,1400
nllb,mal,romanised,3.434328721707478,2.692801486801901,0.7685263161524051,1.7296524785805998,1.1630727582049911,72024,21237,1400
nllb,mar,native,2.231917776644293,3.341371284679316,0.6059564483012219,1.2063033466885282,2.5371779704411423,50310,23084,1400
nllb,mar,romanised,2.371488664063651,3.2110108855094177,0.6678915475621474,1.4991952351355686,1.1273574621109832,62430,26775,1400
nllb,hin,native,1.4858080477931321,3.571013364178234,0.2981905030322495,1.1764111142090232,2.55323589306355,49172,33608,1400
nllb,hin,romanised,1.8363434375625522,3.2553772897031896,0.5155749172453832,1.5766825579778905,1.2004054256195476,65905,36364,1400
qwen3,guj,native,9.382636565771978,0.672215626566423,0.9840238561739887,6.79006772821835,2.4960786257016987,249433,26982,1400
qwen3,guj,romanised,2.485111551175194,2.71204903198459,0.7170772863525844,2.017577929057725,1.1305011202818482,74486,30291,1400
qwen3,tam,native,11.447238263635429,0.9086694111624378,0.9966054995962724,5.804351938111287,3.0219308714397193,212498,18983,1400
qwen3,tam,romanised,5.04797808399724,2.1512666648311005,0.8262715670559165,3.070352804066944,1.4429200212220736,112595,22827,1400
qwen3,mal,native,13.653068274760239,0.751006011086296,0.9899783456963734,6.619930218331285,2.845615786643619,242071,17903,1400
qwen3,mal,romanised,4.076455549935024,2.264122832873549,0.8012907438013354,2.3232369633235614,1.1630727582049911,85441,21237,1400
qwen3,mar,native,7.119672964824679,1.0291394838501047,0.9966701856978739,4.404732146586397,2.5371779704411423,162028,23084,1400
qwen3,mar,romanised,2.8781046433937547,2.6404971561695016,0.7821684961495574,2.0628762950470083,1.1273574621109832,75864,26775,1400
qwen3,hin,native,4.893634585365701,1.06928771203873,0.9907367589039766,4.431625375921984,2.55323589306355,163249,33608,1400
qwen3,hin,romanised,2.194616768871164,2.719834193012942,0.6359206275091165,2.1318616675569264,1.2004054256195476,78770,36364,1400
rembert,guj,native,2.3127115039193176,2.7484093707019284,0.6434326909136614,1.6275641362311606,2.4960786257016987,61202,26982,1400
rembert,guj,romanised,2.1171040601713442,3.1763163592180477,0.7400257757880004,1.6868278562776748,1.1305011202818482,63510,30291,1400
rembert,tam,native,3.1291704223969394,3.3741240889604653,0.7886213404921464,1.5396898379079154,3.0219308714397193,57594,18983,1400
rembert,tam,romanised,4.259157386728807,2.5445125052351973,0.9685245471108247,2.5411871491113587,1.4429200212220736,95075,22827,1400
rembert,mal,native,3.623478079126104,2.864906947724664,0.8716296568309887,1.7101383007242017,2.845615786643619,63706,17903,1400
rembert,mal,romanised,3.4720659885873464,2.653337941515946,0.9263391839795158,1.9437839668583612,1.1630727582049911,72947,21237,1400
rembert,mar,native,2.3561351545688387,3.1495974677643668,0.6959017090508254,1.4176908042464795,2.5371779704411423,53215,23084,1400
rembert,mar,romanised,2.479938229099924,3.05938898179971,0.8240361322278521,1.7435568489885005,1.1273574621109832,65553,26775,1400
rembert,hin,native,1.5795539589145529,3.3505960758350635,0.3640571298846159,1.3891160143612555,2.55323589306355,52363,33608,1400
rembert,hin,romanised,1.879029035187543,3.177131639292768,0.5860949089902826,1.7912572958371025,1.2004054256195476,67760,36364,1400
xlmr,guj,native,2.1887058097813044,2.919864349534965,0.5625045095219537,1.3876874585756902,2.4960786257016987,57817,26982,1400
xlmr,guj,romanised,2.21905392822176,3.0300425240945152,0.7856884278349752,1.598881874877598,1.1305011202818482,66617,30291,1400
xlmr,tam,native,2.978812872416913,3.5709914120128112,0.7094613909401103,1.319137633375854,3.0219308714397193,54707,18983,1400
xlmr,tam,romanised,4.3523700710693545,2.4915319719009634,0.9669145214293318,2.346734114332532,1.4429200212220736,97100,22827,1400
xlmr,mal,native,2.9346909639174776,3.5608321414203155,0.7569157698474954,1.2481479735781857,2.845615786643619,51696,17903,1400
xlmr,mal,romanised,3.6512548365531257,2.5228721271357517,0.9313987359219144,1.8474866516664483,1.1630727582049911,76656,21237,1400
xlmr,mar,native,2.146741733811388,3.4755390096415195,0.5957832177202625,1.1651689328129806,2.5371779704411423,48463,23084,1400
xlmr,mar,romanised,2.580546177998737,2.9410283777023785,0.8484036995018991,1.6398431608709334,1.1273574621109832,68156,26775,1400
xlmr,hin,native,1.5246425360218343,3.4820756022969284,0.313752250526896,1.2101180090079249,2.55323589306355,50587,33608,1400
xlmr,hin,romanised,1.9727208900339706,3.023831715149779,0.6250469468648759,1.7022150894012034,1.2004054256195476,71070,36364,1400
