tokeniser,lang,condition,tp_orig,tp_norm,delta_tp,fertility_orig,fertility_norm,delta_fertility,cpt_orig,cpt_norm,delta_cpt,wfr_orig,wfr_norm,delta_wfr,byte_premium_orig,byte_premium_norm,delta_byte_premium
xlmr,guj,native,1.3876874585756902,1.3877091035973352,2.164502164503368e-05,2.1887058097813044,2.1887368656819257,3.1055900621357324e-05,2.919864349534965,2.919807729325906,-5.662020905905507e-05,0.5625045095219537,0.5625045095219537,0.0,2.4960786257016987,2.4787394145458723,-0.017339211155826373
xlmr,guj,romanised,1.598881874877598,1.598881874877598,0.0,2.21905392822176,2.21905392822176,0.0,3.0300425240945152,3.0300425240945152,0.0,0.7856884278349752,0.7856884278349752,0.0,1.1305011202818482,1.1305011202818482,0.0
xlmr,tam,native,1.319137633375854,1.319137633375854,0.0,2.978812872416913,2.978812872416913,0.0,3.5709914120128112,3.5709914120128112,0.0,0.7094613909401103,0.7094613909401103,0.0,3.0219308714397193,3.0011377859474044,-0.020793085492314844
xlmr,tam,romanised,2.346734114332532,2.346734114332532,0.0,4.3523700710693545,4.3523700710693545,0.0,2.4915319719009634,2.4915319719009634,0.0,0.9669145214293318,0.9669145214293318,0.0,1.4429200212220736,1.4429200212220736,0.0
xlmr,mal,native,1.2481479735781857,1.248181987183628,3.401360544219578e-05,2.9346909639174776,2.9347749975309227,8.40336134451114e-05,3.5608321414203155,3.5607549784796673,-7.716294064818996e-05,0.7569157698474954,0.7569157698474954,0.0,2.845615786643619,2.8346869603465272,-0.01092882629709191
xlmr,mal,romanised,1.8474866516664483,1.8474866516664483,0.0,3.6512548365531257,3.6512548365531257,0.0,2.5228721271357517,2.5228721271357517,0.0,0.9313987359219144,0.9313987359219144,0.0,1.1630727582049911,1.1630727582049911,0.0
xlmr,mar,native,1.1651689328129806,1.1652284566225046,5.952380952400915e-05,2.146741733811388,2.1468463514160057,0.00010461760461755176,3.4755390096415195,3.4753491866767607,-0.00018982296475877902,0.5957832177202625,0.5957832177202625,0.0,2.5371779704411423,2.5202608102237796,-0.01691716021736278
xlmr,mar,romanised,1.6398431608709334,1.6398431608709334,0.0,2.580546177998737,2.580546177998737,0.0,2.9410283777023785,2.9410283777023785,0.0,0.8484036995018991,0.8484036995018991,0.0,1.1273574621109832,1.1273574621109832,0.0
xlmr,hin,native,1.2101180090079249,1.2101180090079249,0.0,1.5246425360218343,1.5246425360218343,0.0,3.4820756022969284,3.4820756022969284,0.0,0.313752250526896,0.313752250526896,0.0,2.55323589306355,2.5342807833629313,-0.018955109700618866
xlmr,hin,romanised,1.7022150894012034,1.7022150894012034,0.0,1.9727208900339706,1.9727208900339706,0.0,3.023831715149779,3.023831715149779,0.0,0.6250469468648759,0.6250469468648759,0.0,1.2004054256195476,1.2004054256195476,0.0
mbert,guj,native,2.3468371476244236,2.3468371476244236,0.0,3.4377444755060327,3.4377444755060327,0.0,1.850530765171391,1.850530765171391,0.0,0.7468861505311921,0.7468861505311921,0.0,2.4960786257016987,2.4787394145458723,-0.017339211155826373
mbert,guj,romanised,1.736960100399476,1.736960100399476,0.0,2.2510535728581127,2.2510535728581127,0.0,2.990527683810675,2.990527683810675,0.0,0.692291432308396,0.692291432308396,0.0,1.1305011202818482,1.1305011202818482,0.0
mbert,tam,native,2.0303382183744865,2.0303382183744865,0.0,4.2561038797326365,4.2561038797326365,0.0,2.4765620869449103,2.4765620869449103,0.0,0.8123893002002803,0.8123893002002803,0.0,3.0219308714397193,3.0011377859474044,-0.020793085492314844
mbert,tam,romanised,2.706038107520088,2.706038107520088,0.0,4.688999532675957,4.688999532675957,0.0,2.319590061065206,2.319590061065206,0.0,0.8252711522181934,0.8252711522181934,0.0,1.4429200212220736,1.4429200212220736,0.0
mbert,mal,native,2.4272571530911367,2.4272571530911367,0.0,5.3031697743749096,5.3031697743749096,0.0,1.9525162449234128,1.9525162449234128,0.0,0.8817286113132985,0.8817286113132985,0.0,2.845615786643619,2.8346869603465272,-0.01092882629709191
mbert,mal,romanised,1.9875495552007973,1.9875495552007973,0.0,3.6747654875733797,3.6747654875733797,0.0,2.5131446315094297,2.5131446315094297,0.0,0.7957573949668767,0.7957573949668767,0.0,1.1630727582049911,1.1630727582049911,0.0
mbert,mar,native,1.8831130859357486,1.8831130859357486,0.0,3.2303725317605143,3.2303725317605143,0.0,2.2989451110052657,2.2989451110052657,0.0,0.7752671281109008,0.7752671281109008,0.0,2.5371779704411423,2.5202608102237796,-0.01691716021736278
mbert,mar,romanised,1.7737993630229472,1.7737993630229472,0.0,2.607035183610813,2.607035183610813,0.0,2.911219318677375,2.911219318677375,0.0,0.7592238181277956,0.7592238181277956,0.0,1.1273574621109832,1.1273574621109832,0.0
mbert,hin,native,1.7672999873789146,1.7672999873789146,0.0,2.0738121775555456,2.0738121775555456,0.0,2.5577448328570394,2.5577448328570394,0.0,0.4646773674229309,0.4646773674229309,0.0,2.55323589306355,2.5342807833629313,-0.018955109700618866
mbert,hin,romanised,1.9044458730481175,1.9044458730481175,0.0,2.0642033939127082,2.0642033939127082,0.0,2.8883310208684736,2.8883310208684736,0.0,0.6397591351231392,0.6397591351231392,0.0,1.2004054256195476,1.2004054256195476,0.0
byt5,guj,native,2.4960786257016987,2.4787394145458723,-0.017339211155826373,16.713568662783878,16.59757663243536,-0.11599203034851868,0.37702878781102395,0.3796832696554837,0.002654481844459766,0.9985196958191492,0.9985196958191492,0.0,2.4960786257016987,2.4787394145458723,-0.017339211155826373
byt5,guj,romanised,1.1305011202818482,1.1305011202818482,0.0,6.721207004227696,6.721207004227696,0.0,0.9991273761169543,0.9991273761169543,0.0,0.8813161326347534,0.8813161326347534,0.0,1.1305011202818482,1.1305011202818482,0.0
byt5,tam,native,3.0219308714397193,3.0011377859474044,-0.020793085492314844,28.918903668595437,28.720374954745196,-0.19852871385024073,0.36051824323097276,0.36303234712001853,0.002514103889045771,0.9976349130303576,0.9976349130303576,0.0,3.0219308714397193,3.0011377859474044,-0.020793085492314844
byt5,tam,romanised,1.4429200212220736,1.4429200212220736,0.0,11.498289519868525,11.498289519868525,0.0,0.9432693971566062,0.9432693971566062,0.0,0.8443298540603641,0.8443298540603641,0.0,1.4429200212220736,1.4429200212220736,0.0
byt5,mal,native,2.845615786643619,2.8346869603465272,-0.01092882629709191,28.519997993777324,28.41198100336144,-0.10801699041588364,0.36068845407899575,0.36206829225689874,0.0013798381779029922,0.9936149268535092,0.9936149268535092,0.0,2.845615786643619,2.8346869603465272,-0.01092882629709191
byt5,mal,romanised,1.1630727582049911,1.1630727582049911,0.0,9.869497115945192,9.869497115945192,0.0,0.932236483596249,0.932236483596249,0.0,0.8407145800441809,0.8407145800441809,0.0,1.1630727582049911,1.1630727582049911,0.0
byt5,mar,native,2.537613561981549,2.520696401764187,-0.016917160217362337,19.886941273571107,19.754860910389123,-0.13208036318198424,0.36914365986338066,0.3716436112752977,0.0024999514119170563,0.9988273944577272,0.9988273944577272,0.0,2.5371779704411423,2.5202608102237796,-0.01691716021736278
byt5,mar,romanised,1.1273574621109832,1.1273574621109832,0.0,7.615079165761398,7.615079165761398,0.0,0.9955279940563738,0.9955279940563738,0.0,0.8760002841785568,0.8760002841785568,0.0,1.1273574621109832,1.1273574621109832,0.0
byt5,hin,native,2.55323589306355,2.5342807833629313,-0.018955109700618866,13.663088115783609,13.562592198403916,-0.10049591737969266,0.3832707394309806,0.38616393682973027,0.0028931973987496584,0.998512097892121,0.998512097892121,0.0,2.55323589306355,2.5342807833629313,-0.018955109700618866
byt5,hin,romanised,1.2004054256195476,1.2004054256195476,0.0,5.965124488148081,5.965124488148081,0.0,0.9972162949066858,0.9972162949066858,0.0,0.9409645429304562,0.9409645429304562,0.0,1.2004054256195476,1.2004054256195476,0.0
gpt2,guj,native,12.136045803817597,12.13302861844689,-0.003017185370707054,16.548632778022437,16.54426425339358,-0.004368524628855397,0.3809897267527141,0.3811042185299952,0.0001144917772811227,0.9923368315638293,0.9923368315638293,0.0,2.4960786257016987,2.4787394145458723,-0.017339211155826373
gpt2,guj,romanised,2.1454064029697713,2.1454064029697713,0.0,2.60624202970651,2.60624202970651,0.0,2.5867651795131006,2.5867651795131006,0.0,0.7203096219008129,0.7203096219008129,0.0,1.1305011202818482,1.1305011202818482,0.0
gpt2,tam,native,14.69962344724817,14.69634298889865,-0.0032804583495202877,28.638960957463038,28.63300105072992,-0.005959906733117748,0.364351586819429,0.3644542080975518,0.00010262127812282751,0.9891552200414508,0.9891552200414508,0.0,3.0219308714397193,3.0011377859474044,-0.020793085492314844
gpt2,tam,romanised,3.600717932366667,3.600717932366667,0.0,5.847161295429914,5.847161295429914,0.0,1.8663716842915097,1.8663716842915097,0.0,0.8226959879567819,0.8226959879567819,0.0,1.4429200212220736,1.4429200212220736,0.0
gpt2,mal,native,13.849057105745224,13.846921599744347,-0.0021355060008776405,28.254670625635363,28.25026438241126,-0.004406243224103434,0.3642392327616289,0.3643101462497859,7.091348815702059e-05,0.9832473096941645,0.9832473096941645,0.0,2.845615786643619,2.8346869603465272,-0.01092882629709191
gpt2,mal,romanised,2.720439359049539,2.720439359049539,0.0,4.707710805606554,4.707710805606554,0.0,1.9767486836358623,1.9767486836358623,0.0,0.7961781410770384,0.7961781410770384,0.0,1.1630727582049911,1.1630727582049911,0.0
gpt2,mar,native,7.513927337767447,7.432863234897583,-0.08106410286986332,11.998015332159659,11.866836775716227,-0.13117855644343202,0.6128319755556978,0.6196846732826482,0.0068526977269504075,0.9953172091424534,0.9953172091424534,0.0,2.5371779704411423,2.5202608102237796,-0.01691716021736278
gpt2,mar,romanised,2.220600513599867,2.220600513599867,0.0,3.0550063977780124,3.0550063977780124,0.0,2.487568897973748,2.487568897973748,0.0,0.776251120346855,0.776251120346855,0.0,1.1273574621109832,1.1273574621109832,0.0
gpt2,hin,native,7.505386424634795,7.4155874140535225,-0.08979901058127293,8.185656416922917,8.086283753944596,-0.09937266297832181,0.6407836672000011,0.648808309008002,0.008024641808000887,0.992959394062296,0.992959394062296,0.0,2.55323589306355,2.5342807833629313,-0.018955109700618866
gpt2,hin,romanised,2.326934209810703,2.326934209810703,0.0,2.361052056213248,2.361052056213248,0.0,2.5265939555471646,2.5265939555471646,0.0,0.6465839142025515,0.6465839142025515,0.0,1.2004054256195476,1.2004054256195476,0.0
mt5,guj,native,1.678203376751542,1.6782237849148074,2.040816326531747e-05,2.8876575453434774,2.8876886012440983,3.1055900620913235e-05,2.181747937388452,2.1817233849974267,-2.4552391025167708e-05,0.9132722340907723,0.9132722340907723,0.0,2.4960786257016987,2.4787394145458723,-0.017339211155826373
mt5,guj,romanised,1.4612584395978347,1.4612584395978347,0.0,2.2299495528641615,2.2299495528641615,0.0,3.015781943988479,3.015781943988479,0.0,0.8031960696710563,0.8031960696710563,0.0,1.1305011202818482,1.1305011202818482,0.0
mt5,tam,native,1.2145781290316557,1.2145781290316557,0.0,2.9943387450087746,2.9943387450087746,0.0,3.5130443448571147,3.5130443448571147,0.0,0.8684409185311222,0.8684409185311222,0.0,3.0219308714397193,3.0011377859474044,-0.020793085492314844
mt5,tam,romanised,2.141811462542427,2.141811462542427,0.0,4.365149696611865,4.365149696611865,0.0,2.4827115865972127,2.4827115865972127,0.0,0.9743130414795091,0.9743130414795091,0.0,1.4429200212220736,1.4429200212220736,0.0
mt5,mal,native,1.2373597445527937,1.2373895064575557,2.9761904762004576e-05,3.1818541103837994,3.181938143997245,8.403361344555549e-05,3.248901468164893,3.2488180062086824,-8.34619562106731e-05,0.9042241585270329,0.9042241585270329,0.0,2.845615786643619,2.8346869603465272,-0.01092882629709191
mt5,mal,romanised,1.6749609973783441,1.6749609973783441,0.0,3.634867001254425,3.634867001254425,0.0,2.5351513908896126,2.5351513908896126,0.0,0.9453072385863064,0.9453072385863064,0.0,1.1630727582049911,1.1630727582049911,0.0
mt5,mar,native,1.435845115375975,1.4358983173464184,5.320197044333952e-05,2.888577943007532,2.8886825606121493,0.00010461760461755176,2.5423221863114356,2.542232949698028,-8.923661340753952e-05,0.9239896380084981,0.9239896380084981,0.0,2.5371779704411423,2.5202608102237796,-0.01691716021736278
mt5,mar,romanised,1.482679836578646,1.482679836578646,0.0,2.563110008234014,2.563110008234014,0.0,2.959765313928934,2.959765313928934,0.0,0.8519671257091831,0.8519671257091831,0.0,1.1273574621109832,1.1273574621109832,0.0
mt5,hin,native,1.5461754309522069,1.5461754309522069,0.0,2.1277894462192033,2.1277894462192033,0.0,2.4643491025953983,2.4643491025953983,0.0,0.714437331604398,0.714437331604398,0.0,2.55323589306355,2.5342807833629313,-0.018955109700618866
mt5,hin,romanised,1.5506857935513325,1.5506857935513325,0.0,1.9783755030395505,1.9783755030395505,0.0,3.01319909398387,3.01319909398387,0.0,0.6407456418525822,0.6407456418525822,0.0,1.2004054256195476,1.2004054256195476,0.0
rembert,guj,native,1.6275641362311606,1.6275887667730324,2.4630541871850653e-05,2.3127115039193176,2.312742559819939,3.1055900621357324e-05,2.7484093707019284,2.7483602918737797,-4.907882814864095e-05,0.6434326909136614,0.6434326909136614,0.0,2.4960786257016987,2.4787394145458723,-0.017339211155826373
rembert,guj,romanised,1.6868278562776748,1.6868278562776748,0.0,2.1171040601713442,2.1171040601713442,0.0,3.1763163592180477,3.1763163592180477,0.0,0.7400257757880004,0.7400257757880004,0.0,1.1305011202818482,1.1305011202818482,0.0
rembert,tam,native,1.5396898379079154,1.5396898379079154,0.0,3.1291704223969394,3.1291704223969394,0.0,3.3741240889604653,3.3741240889604653,0.0,0.7886213404921464,0.7886213404921464,0.0,3.0219308714397193,3.0011377859474044,-0.020793085492314844
rembert,tam,romanised,2.5411871491113587,2.5411871491113587,0.0,4.259157386728807,4.259157386728807,0.0,2.5445125052351973,2.5445125052351973,0.0,0.9685245471108247,0.9685245471108247,0.0,1.4429200212220736,1.4429200212220736,0.0
rembert,mal,native,1.7101383007242017,1.710158708887467,2.040816326531747e-05,3.623478079126104,3.6235200959328266,4.2016806722777744e-05,2.864906947724664,2.8648691082056925,-3.7839518971516384e-05,0.8716296568309887,0.8716296568309887,0.0,2.845615786643619,2.8346869603465272,-0.01092882629709191
rembert,mal,romanised,1.9437839668583612,1.9437839668583612,0.0,3.4720659885873464,3.4720659885873464,0.0,2.653337941515946,2.653337941515946,0.0,0.9263391839795158,0.9263391839795158,0.0,1.1630727582049911,1.1630727582049911,0.0
rembert,mar,native,1.4176908042464795,1.4177877661081473,9.696186166774368e-05,2.3561351545688387,2.3562794547131385,0.00014430014429978044,3.1495974677643668,3.1494071950740943,-0.00019027269027249716,0.6959017090508254,0.6959017090508254,0.0,2.5371779704411423,2.5202608102237796,-0.01691716021736278
rembert,mar,romanised,1.7435568489885005,1.7435568489885005,0.0,2.479938229099924,2.479938229099924,0.0,3.05938898179971,3.05938898179971,0.0,0.8240361322278521,0.8240361322278521,0.0,1.1273574621109832,1.1273574621109832,0.0
rembert,hin,native,1.3891160143612555,1.3891160143612555,0.0,1.5795539589145529,1.5795539589145529,0.0,3.3505960758350635,3.3505960758350635,0.0,0.3640571298846159,0.3640571298846159,0.0,2.55323589306355,2.5342807833629313,-0.018955109700618866
rembert,hin,romanised,1.7912572958371025,1.7912572958371025,0.0,1.879029035187543,1.879029035187543,0.0,3.177131639292768,3.177131639292768,0.0,0.5860949089902826,0.5860949089902826,0.0,1.2004054256195476,1.2004054256195476,0.0
nllb,guj,native,1.3169088420563888,1.3169304870780338,2.164502164503368e-05,2.0877950496678648,2.087826105568486,3.1055900621357324e-05,3.0715196183421347,3.0714629981330757,-5.662020905905507e-05,0.5409332509649095,0.5409332509649095,0.0,2.4960786257016987,2.4787394145458723,-0.017339211155826373
nllb,guj,romanised,1.4536076766590047,1.4536076766590047,0.0,2.025962560774004,2.025962560774004,0.0,3.328146201570016,3.328146201570016,0.0,0.6089719732870765,0.6089719732870765,0.0,1.1305011202818482,1.1305011202818482,0.0
nllb,tam,native,1.3882539036160126,1.3882539036160126,0.0,3.142091593270704,3.142091593270704,0.0,3.3820512486966683,3.3820512486966683,0.0,0.7430310629044186,0.7430310629044186,0.0,3.0219308714397193,3.0011377859474044,-0.020793085492314844
nllb,tam,romanised,2.314736742715856,2.314736742715856,0.0,4.313396137058453,4.313396137058453,0.0,2.5185618596038615,2.5185618596038615,0.0,0.8148823679173776,0.8148823679173776,0.0,1.4429200212220736,1.4429200212220736,0.0
nllb,mal,native,1.3861596350843266,1.386192102616794,3.24675324674395e-05,3.265496160358033,3.265580193971478,8.40336134451114e-05,3.195853122247339,3.195778844673062,-7.42775742770263e-05,0.8058132143192264,0.8058132143192264,0.0,2.845615786643619,2.8346869603465272,-0.01092882629709191
nllb,mal,romanised,1.7296524785805998,1.7296524785805998,0.0,3.434328721707478,3.434328721707478,0.0,2.692801486801901,2.692801486801901,0.0,0.7685263161524051,0.7685263161524051,0.0,1.1630727582049911,1.1630727582049911,0.0
nllb,mar,native,1.2063033466885282,1.206401230286412,9.788359788376333e-05,2.231917776644293,2.232087329313846,0.00016955266955287485,3.341371284679316,3.3411343610209645,-0.00023692365835170648,0.6059564483012219,0.6059564483012219,0.0,2.5371779704411423,2.5202608102237796,-0.01691716021736278
nllb,mar,romanised,1.4991952351355686,1.4991952351355686,0.0,2.371488664063651,2.371488664063651,0.0,3.2110108855094177,3.2110108855094177,0.0,0.6678915475621474,0.6678915475621474,0.0,1.1273574621109832,1.1273574621109832,0.0
nllb,hin,native,1.1764111142090232,1.1764111142090232,0.0,1.4858080477931321,1.4858080477931321,0.0,3.571013364178234,3.571013364178234,0.0,0.2981905030322495,0.2981905030322495,0.0,2.55323589306355,2.5342807833629313,-0.018955109700618866
nllb,hin,romanised,1.5766825579778905,1.5766825579778905,0.0,1.8363434375625522,1.8363434375625522,0.0,3.2553772897031896,3.2553772897031896,0.0,0.5155749172453832,0.5155749172453832,0.0,1.2004054256195476,1.2004054256195476,0.0
indicbert,guj,native,1.3949375164504936,1.3949375164504936,0.0,2.162022920445381,2.162022920445381,0.0,2.9233203172837046,2.9233203172837046,0.0,0.6974129135466282,0.6974129135466282,0.0,2.4960786257016987,2.4787394145458723,-0.017339211155826373
indicbert,guj,romanised,1.8030928179360273,1.8030928179360273,0.0,2.4765990236493547,2.4765990236493547,0.0,2.71411172496952,2.71411172496952,0.0,0.7783435566519669,0.7783435566519669,0.0,1.1305011202818482,1.1305011202818482,0.0
indicbert,tam,native,1.771215384429996,1.771215384429996,0.0,3.91714731976522,3.91714731976522,0.0,2.672309094731262,2.672309094731262,0.0,0.8987076950309706,0.8987076950309706,0.0,3.0219308714397193,3.0011377859474044,-0.020793085492314844
indicbert,tam,romanised,2.4601123615789544,2.4601123615789544,0.0,4.516870261433042,4.516870261433042,0.0,2.401309812160025,2.401309812160025,0.0,0.830252157009227,0.830252157009227,0.0,1.4429200212220736,1.4429200212220736,0.0
indicbert,mal,native,1.6564582857634653,1.6564582857634653,0.0,3.828107290118832,3.828107290118832,0.0,2.6907315058751515,2.6907315058751515,0.0,0.886783765629016,0.886783765629016,0.0,2.845615786643619,2.8346869603465272,-0.01092882629709191
indicbert,mal,romanised,1.8918160547656764,1.8918160547656764,0.0,3.70607370690186,3.70607370690186,0.0,2.4877285440797747,2.4877285440797747,0.0,0.8046341893405562,0.8046341893405562,0.0,1.1630727582049911,1.1630727582049911,0.0
indicbert,mar,native,1.3619772491831243,1.3619772491831243,0.0,2.4713332783553206,2.4713332783553206,0.0,2.9790011339470324,2.9790011339470324,0.0,0.7663484090684558,0.7663484090684558,0.0,2.5371779704411423,2.5202608102237796,-0.01691716021736278
indicbert,mar,romanised,1.8069439353652683,1.8069439353652683,0.0,2.8191406328605897,2.8191406328605897,0.0,2.688356432826363,2.688356432826363,0.0,0.8302263112979628,0.8302263112979628,0.0,1.1273574621109832,1.1273574621109832,0.0
indicbert,hin,native,1.4166373333415827,1.4166373333415827,0.0,1.753019564789919,1.753019564789919,0.0,2.992854091572215,2.992854091572215,0.0,0.5268058553658643,0.5268058553658643,0.0,2.55323589306355,2.5342807833629313,-0.018955109700618866
indicbert,hin,romanised,1.960549243797036,1.960549243797036,0.0,2.2522953194271054,2.2522953194271054,0.0,2.6437507115454957,2.6437507115454957,0.0,0.7278468870620702,0.7278468870620702,0.0,1.2004054256195476,1.2004054256195476,0.0
llama31,guj,native,7.735945619027611,7.653701353557899,-0.08224426546971131,10.594101546451812,10.479744773934225,-0.11435677251758669,0.5957128476835278,0.6022542107949111,0.006541363111383314,0.9937665385674749,0.9937665385674749,0.0,2.4960786257016987,2.4787394145458723,-0.017339211155826373
llama31,guj,romanised,1.9789162431940808,1.9789162431940808,0.0,2.4117692080310507,2.4117692080310507,0.0,2.7913890471084764,2.7913890471084764,0.0,0.7087718402247039,0.7087718402247039,0.0,1.1305011202818482,1.1305011202818482,0.0
llama31,tam,native,7.323536477996845,7.223555209600234,-0.09998126839661037,14.329446291037584,14.132343812620352,-0.19710247841723216,0.7274950824320268,0.737668706287357,0.010173623855330272,0.9913109129865116,0.9913109129865116,0.0,3.0219308714397193,3.0011377859474044,-0.020793085492314844
llama31,tam,romanised,3.219349642734643,3.219349642734643,0.0,5.2467769447658075,5.2467769447658075,0.0,2.073981258140686,2.073981258140686,0.0,0.819330575084159,0.819330575084159,0.0,1.4429200212220736,1.4429200212220736,0.0
llama31,mal,native,8.132471351394555,8.130718246160093,-0.001753105234461927,16.63577414390906,16.632203344598953,-0.0035707993101077307,0.6173169267870239,0.6174701580148193,0.00015323122779542508,0.986294844135496,0.986294844135496,0.0,2.845615786643619,2.8346869603465272,-0.01092882629709191
llama31,mal,romanised,2.4199593633255208,2.4199593633255208,0.0,4.204980909961941,4.204980909961941,0.0,2.203345956135651,2.203345956135651,0.0,0.7949246977256734,0.7949246977256734,0.0,1.1630727582049911,1.1630727582049911,0.0
llama31,mar,native,2.707625174955186,2.622258990337845,-0.08536618461734102,4.342943415729991,4.204266401479548,-0.138677014250443,1.6896029569149966,1.7444237942073264,0.05482083729232978,0.9793363465917573,0.9793363465917573,0.0,2.5371779704411423,2.5202608102237796,-0.01691716021736278
llama31,mar,romanised,2.045020151441951,2.045020151441951,0.0,2.825604191530411,2.825604191530411,0.0,2.6879288367822896,2.6879288367822896,0.0,0.7732338405022304,0.7732338405022304,0.0,1.1273574621109832,1.1273574621109832,0.0
llama31,hin,native,2.573960373547527,2.486869275309293,-0.08709109823823402,2.821903274672353,2.7246286503762764,-0.0972746242960767,1.8578963966678992,1.9222749042235108,0.06437850755561159,0.9210757697892479,0.9210757697892479,0.0,2.55323589306355,2.5342807833629313,-0.018955109700618866
llama31,hin,romanised,2.1138214761276957,2.1138214761276957,0.0,2.153633971138987,2.153633971138987,0.0,2.7689505484282733,2.7689505484282733,0.0,0.6207156787011754,0.6207156787011754,0.0,1.2004054256195476,1.2004054256195476,0.0
qwen3,guj,native,6.79006772821835,6.750129202328247,-0.03993852589010327,9.382636565771978,9.325751360537875,-0.0568852052341029,0.672215626566423,0.6763505438570944,0.004134917290671392,0.9840238561739887,0.9840238561739887,0.0,2.4960786257016987,2.4787394145458723,-0.017339211155826373
qwen3,guj,romanised,2.017577929057725,2.017577929057725,0.0,2.485111551175194,2.485111551175194,0.0,2.71204903198459,2.71204903198459,0.0,0.7170772863525844,0.7170772863525844,0.0,1.1305011202818482,1.1305011202818482,0.0
qwen3,tam,native,5.804351938111287,5.789193367846682,-0.015158570264604876,11.447238263635429,11.417379702988105,-0.029858560647323173,0.9086694111624378,0.9111311016801804,0.0024616905177425874,0.9966054995962724,0.9966054995962724,0.0,3.0219308714397193,3.0011377859474044,-0.020793085492314844
qwen3,tam,romanised,3.070352804066944,3.070352804066944,0.0,5.04797808399724,5.04797808399724,0.0,2.1512666648311005,2.1512666648311005,0.0,0.8262715670559165,0.8262715670559165,0.0,1.4429200212220736,1.4429200212220736,0.0
qwen3,mal,native,6.619930218331285,6.659368276706066,0.03943805837478109,13.653068274760239,13.733848835442025,0.08078056068178618,0.751006011086296,0.7466127781063129,-0.004393232979983175,0.9899783456963734,0.9899783456963734,0.0,2.845615786643619,2.8346869603465272,-0.01092882629709191
qwen3,mal,romanised,2.3232369633235614,2.3232369633235614,0.0,4.076455549935024,4.076455549935024,0.0,2.264122832873549,2.264122832873549,0.0,0.8012907438013354,0.8012907438013354,0.0,1.1630727582049911,1.1630727582049911,0.0
qwen3,mar,native,4.404732146586397,4.37806764223367,-0.026664504352726937,7.119672964824679,7.07626666782381,-0.04340629700086929,1.0291394838501047,1.0355663220283082,0.006426838178203553,0.9966701856978739,0.9966701856978739,0.0,2.5371779704411423,2.5202608102237796,-0.01691716021736278
qwen3,mar,romanised,2.0628762950470083,2.0628762950470083,0.0,2.8781046433937547,2.8781046433937547,0.0,2.6404971561695016,2.6404971561695016,0.0,0.7821684961495574,0.7821684961495574,0.0,1.1273574621109832,1.1273574621109832,0.0
qwen3,hin,native,4.431625375921984,4.3868005900764055,-0.04482478584557814,4.893634585365701,4.843787945017075,-0.04984664034862618,1.06928771203873,1.0803973547480914,0.011109642709361323,0.9907367589039766,0.9907367589039766,0.0,2.55323589306355,2.5342807833629313,-0.018955109700618866
qwen3,hin,romanised,2.1318616675569264,2.1318616675569264,0.0,2.194616768871164,2.194616768871164,0.0,2.719834193012942,2.719834193012942,0.0,0.6359206275091165,0.6359206275091165,0.0,1.2004054256195476,1.2004054256195476,0.0
gemma2,guj,native,3.098624699044179,3.0101540449111632,-0.0884706541330158,4.21053314415011,4.08937638056648,-0.12115676358363014,1.501396556281668,1.5454854034231893,0.04408884714152128,0.9665893919743971,0.9665893919743971,0.0,2.4960786257016987,2.4787394145458723,-0.017339211155826373
gemma2,guj,romanised,1.7912221495101854,1.7912221495101854,0.0,2.164107572303217,2.164107572303217,0.0,3.1136767503879343,3.1136767503879343,0.0,0.6482583291760582,0.6482583291760582,0.0,1.1305011202818482,1.1305011202818482,0.0
gemma2,tam,native,2.6216773245170972,2.502643593435859,-0.11903373108123816,5.098711730793329,4.86770315990786,-0.23100857088546878,2.0528669725609388,2.1504862324085354,0.09761925984759667,0.9944720704001553,0.9944720704001553,0.0,3.0219308714397193,3.0011377859474044,-0.020793085492314844
gemma2,tam,romanised,2.8230849346819755,2.8230849346819755,0.0,4.547444233744484,4.547444233744484,0.0,2.3889229603317603,2.3889229603317603,0.0,0.8154672705237044,0.8154672705237044,0.0,1.4429200212220736,1.4429200212220736,0.0
gemma2,mal,native,3.0206002945727835,2.9728016629820884,-0.047798631590695084,6.1169518979902,6.021250590236103,-0.09570130775409691,1.6802270393082608,1.7068585043525282,0.02663146504426739,0.9778438128754144,0.9778438128754144,0.0,2.845615786643619,2.8346869603465272,-0.01092882629709191
gemma2,mal,romanised,2.1252316257492323,2.1252316257492323,0.0,3.6521398451883558,3.6521398451883558,0.0,2.5313728685449997,2.5313728685449997,0.0,0.7863912473679763,0.7863912473679763,0.0,1.1630727582049911,1.1630727582049911,0.0
gemma2,mar,native,2.2583943169821383,2.158174553416429,-0.10021976356570939,3.5925952598929687,3.4327339408779634,-0.15986131901500533,2.0523064999815115,2.1467650845341453,0.09445858455263378,0.9416312886451808,0.9416312886451808,0.0,2.5371779704411423,2.5202608102237796,-0.01691716021736278
gemma2,mar,romanised,1.856748756974932,1.856748756974932,0.0,2.541649170255714,2.541649170255714,0.0,2.98943908331005,2.98943908331005,0.0,0.7353554651257045,0.7353554651257045,0.0,1.1273574621109832,1.1273574621109832,0.0
gemma2,hin,native,1.9803198162306581,1.8618075317379619,-0.11851228449269624,2.1626853303748272,2.03315544906243,-0.12952988131239707,2.4529814072894105,2.605120791996435,0.15213938470702448,0.7057200419837727,0.7057200419837727,0.0,2.55323589306355,2.5342807833629313,-0.018955109700618866
gemma2,hin,romanised,1.9505051460671627,1.9505051460671627,0.0,1.9685111952948295,1.9685111952948295,0.0,3.031181621786758,3.031181621786758,0.0,0.5791717624160265,0.5791717624160265,0.0,1.2004054256195476,1.2004054256195476,0.0
