lang,condition,word,n_segmentations,n_samples,chi2_stat,p_value
guj,native,પરિસ્થિતિઓમાં,600,60000,570.46,0.793520720218138
guj,native,કરવાનોમુદ્દો,600,60000,577.0,0.7337668697835905
guj,romanised,tattvaj~nanioe,600,60000,558.64,0.8797947798233643
guj,romanised,shauchalayo,600,60000,601.72,0.4610765811232179
tam,native,வழிவகுக்கின்றன.,600,60000,608.8,0.38176648222749354
tam,native,முரணானதுஎன்று,600,60000,632.6999999999999,0.1647458328040407
tam,romanised,jhèydhulladhu,600,60000,604.8800000000001,0.42521225792018896
tam,romanised,bharaghuve,600,60000,591.98,0.5731247969369114
mal,native,പാർക്ക്-ആന്റ്-റൈഡ്,600,60000,616.12,0.3053038830111908
mal,native,നക്ഷത്രങ്ങളുടെ,600,60000,600.78,0.4718445074130783
mal,romanised,tirichchayay,600,60000,634.88,0.1501488350663974
mal,romanised,pa~nkitanamènn,600,60000,583.28,0.669635149729604
mar,native,सहकाऱ्यांचे,600,60000,555.4399999999999,0.8981368221906286
mar,native,श्रेणींमध्ये,600,60000,607.1400000000001,0.39999440415308884
mar,romanised,takadavana,600,60000,615.28,0.31370350873062786
mar,romanised,ayaesaayaesachya,600,60000,646.6800000000001,0.08663882774647434
hin,native,सेप्रतिबंधित,600,60000,637.48,0.13393997269502717
hin,native,"कुम्हार,चमड़ा",584,60000,638.4330666666667,0.05547036639072329
hin,romanised,vaij~nanikom,600,60000,572.8199999999999,0.7728777766951281
hin,romanised,tatarekhaom,600,60000,706.84,0.0015126467325151545
