tokeniser,lang,condition,tcr,n_shared,n_segments,note
xlmr,guj,native,1.0,11833,1400,
xlmr,guj,romanised,1.0,15362,1400,
xlmr,tam,native,1.0,6528,1400,
xlmr,tam,romanised,1.0,9649,1400,
xlmr,mal,native,1.0,6352,1400,
xlmr,mal,romanised,1.0,9278,1400,
xlmr,mar,native,1.0,9099,1400,
xlmr,mar,romanised,1.0,12658,1400,
xlmr,hin,native,1.0,15441,1400,
xlmr,hin,romanised,1.0,17410,1400,
xlmr,ALL,pooled,1.0,113610,7000,
mbert,guj,native,1.0,11833,1400,
mbert,guj,romanised,1.0,15362,1400,
mbert,tam,native,1.0,6528,1400,
mbert,tam,romanised,1.0,9649,1400,
mbert,mal,native,1.0,6352,1400,
mbert,mal,romanised,1.0,9278,1400,
mbert,mar,native,1.0,9099,1400,
mbert,mar,romanised,1.0,12658,1400,
mbert,hin,native,1.0,15441,1400,
mbert,hin,romanised,1.0,17410,1400,
mbert,ALL,pooled,1.0,113610,7000,
mt5,guj,native,1.0,11833,1400,
mt5,guj,romanised,1.0,15362,1400,
mt5,tam,native,1.0,6528,1400,
mt5,tam,romanised,1.0,9649,1400,
mt5,mal,native,1.0,6352,1400,
mt5,mal,romanised,1.0,9278,1400,
mt5,mar,native,1.0,9099,1400,
mt5,mar,romanised,1.0,12658,1400,
mt5,hin,native,1.0,15441,1400,
mt5,hin,romanised,1.0,17410,1400,
mt5,ALL,pooled,1.0,113610,7000,
rembert,guj,native,0.9981739068360302,11833,1400,
rembert,guj,romanised,0.9996130952380952,15362,1400,
rembert,tam,native,0.9964549873203719,6528,1400,
rembert,tam,romanised,0.998638928628199,9649,1400,
rembert,mal,native,0.9958937455579246,6352,1400,
rembert,mal,romanised,0.9982360853432282,9278,1400,
rembert,mar,native,0.9988212455971821,9099,1400,
rembert,mar,romanised,0.998995554274724,12658,1400,
rembert,hin,native,0.9994832310200119,15441,1400,
rembert,hin,romanised,1.0,17410,1400,
rembert,ALL,pooled,0.9987880087111687,113610,7000,
nllb,guj,native,1.0,11833,1400,
nllb,guj,romanised,1.0,15362,1400,
nllb,tam,native,0.9997534516765286,6528,1400,
nllb,tam,romanised,1.0,9649,1400,
nllb,mal,native,0.9992537313432835,6352,1400,
nllb,mal,romanised,1.0,9278,1400,
nllb,mar,native,1.0,9099,1400,
nllb,mar,romanised,1.0,12658,1400,
nllb,hin,native,1.0,15441,1400,
nllb,hin,romanised,1.0,17410,1400,
nllb,ALL,pooled,0.9999441090928344,113610,7000,
gpt2,guj,native,0.9973317623200635,11833,1400,
gpt2,guj,romanised,0.9855780245059119,15362,1400,
gpt2,tam,native,0.9942782377878532,6528,1400,
gpt2,tam,romanised,0.9667362784107019,9649,1400,
gpt2,mal,native,0.9921526027869311,6352,1400,
gpt2,mal,romanised,0.9548085205527432,9278,1400,
gpt2,mar,native,0.886007844573915,9099,1400,
gpt2,mar,romanised,0.9747893029586053,12658,1400,
gpt2,hin,native,0.9123143620921804,15441,1400,
gpt2,hin,romanised,0.9929529984432232,17410,1400,
gpt2,ALL,pooled,0.9655528208066014,113610,7000,
llama31,guj,native,0.9158565981574385,11833,1400,
llama31,guj,romanised,0.9860506226360732,15362,1400,
llama31,tam,native,0.8248824778356192,6528,1400,
llama31,tam,romanised,0.9680137553051316,9649,1400,
llama31,mal,native,0.8694903694003782,6352,1400,
llama31,mal,romanised,0.9585859455087397,9278,1400,
llama31,mar,native,0.8872056111445203,9099,1400,
llama31,mar,romanised,0.9758323917710685,12658,1400,
llama31,hin,native,0.9130050581547543,15441,1400,
llama31,hin,romanised,0.9933053231984192,17410,1400,
llama31,ALL,pooled,0.9413161571229467,113610,7000,
qwen3,guj,native,0.9158565981574385,11833,1400,
qwen3,guj,romanised,0.9860506226360732,15362,1400,
qwen3,tam,native,0.8248824778356192,6528,1400,
qwen3,tam,romanised,0.9680137553051316,9649,1400,
qwen3,mal,native,0.8694903694003782,6352,1400,
qwen3,mal,romanised,0.9585859455087397,9278,1400,
qwen3,mar,native,0.8872056111445203,9099,1400,
qwen3,mar,romanised,0.9758323917710685,12658,1400,
qwen3,hin,native,0.9130050581547543,15441,1400,
qwen3,hin,romanised,0.9933053231984192,17410,1400,
qwen3,ALL,pooled,0.9413161571229467,113610,7000,
gemma2,guj,native,0.9169074336763524,11833,1400,
gemma2,guj,romanised,0.9860506226360732,15362,1400,
gemma2,tam,native,0.8296992771605545,6528,1400,
gemma2,tam,romanised,0.9680137553051316,9649,1400,
gemma2,mal,native,0.8902787249088829,6352,1400,
gemma2,mal,romanised,0.9585859455087397,9278,1400,
gemma2,mar,native,0.8811350323735897,9099,1400,
gemma2,mar,romanised,0.9758323917710685,12658,1400,
gemma2,hin,native,0.9130050581547543,15441,1400,
gemma2,hin,romanised,0.9933053231984192,17410,1400,
gemma2,ALL,pooled,0.9423784759385597,113610,7000,
byt5,N/A,N/A,,,,"untestable: slow tokenizer, no offset_mapping support, tcr() raises by design"
indicbert,N/A,N/A,,,,untestable: ai4bharat/indic-bert gated/401 on HF Hub; staged vocab manifest (200K) does not match the one available ungated mirror (250K) -- not a valid substitute
