held_out,lambda,rho_canonical,rho_most_fragmented,rho_mildest,base_rho_canonical_stored,n_canonical,n_e1,"rho_[1.00,1.25)","rho_[1.25,1.50)","rho_[1.50,1.75)","rho_[1.75,2.00)","rho_[2.00,2.25)","rho_[2.25,2.50)","rho_[2.50,2.75)","rho_[2.75,3.00)"
guj,0.0,0.5903238364141978,-0.022826442098251548,0.4796462030054969,0.5903446816614872,1400,2000,0.4796462030054969,0.23697364288532652,0.22661116042199658,0.13293420608216341,0.07670919102472203,0.013588652638091893,0.008944533764895277,-0.022826442098251548
guj,0.25,0.5955004561346462,0.22952837586803848,0.4749771824032474,0.5903446816614872,1400,2000,0.4749771824032474,0.29118953701425104,0.27847345044162486,0.2261601843558283,0.2366382386372434,0.18327170814711266,0.264340381682536,0.22952837586803848
guj,0.5,0.5901659546124441,0.379906562860005,0.43774542547759826,0.5903446816614872,1400,2000,0.43774542547759826,0.28523694489941526,0.276550820859627,0.2923345838622899,0.3358550268796653,0.2966890236182721,0.3992004938355861,0.379906562860005
guj,0.75,0.5553132949753016,0.4529427303700675,0.3705531455136287,0.5903446816614872,1400,2000,0.3705531455136287,0.2761124426107929,0.29003884281975567,0.3103359487442702,0.3687613920458867,0.3241884862700171,0.45190756159520856,0.4529427303700675
guj,1.0,0.5046518439820563,0.4560472936864175,0.3371518403089036,0.5903446816614872,1400,2000,0.3371518403089036,0.31138922738141905,0.3221756703200659,0.2987124398271704,0.35838529980760714,0.33375659927912793,0.49627163519257805,0.4560472936864175
tam,0.0,0.6285703902004204,0.039100308513616296,0.49946612857440964,0.6285695902136684,1399,2000,0.49946612857440964,0.36321532895135616,0.23043323643137703,0.2274942604550202,0.1477490474095718,0.08369439355064628,0.07850819051865089,0.039100308513616296
tam,0.25,0.628367761287804,0.26917601083098386,0.5256345196082812,0.6285695902136684,1399,2000,0.5256345196082812,0.41517516125629006,0.3385085798549079,0.399742689759748,0.3380093862805702,0.3288086073106342,0.34905649406224354,0.26917601083098386
tam,0.5,0.6239330988054322,0.4305523537524544,0.5070955148451437,0.6285695902136684,1399,2000,0.5070955148451437,0.443034056583576,0.38955680916202784,0.5088146164759669,0.45990393706626165,0.4376724394857688,0.5047643924406156,0.4305523537524544
tam,0.75,0.6055903114095538,0.48035653282025326,0.47212150042352763,0.6285695902136684,1399,2000,0.47212150042352763,0.43138400105708297,0.4170687568504833,0.5430267437628392,0.48839750327679454,0.4742055325044384,0.5418083324476552,0.48035653282025326
tam,1.0,0.5667412689546123,0.48218353498615246,0.4251516367644335,0.6285695902136684,1399,2000,0.4251516367644335,0.4123495766056819,0.41607214783472973,0.5244013207159228,0.483715568426374,0.4663094793817443,0.521343248392739,0.48218353498615246
mal,0.0,0.6505657017964214,0.16577746646399016,0.5006378108924888,0.6505589931425154,1399,2000,0.5006378108924888,0.36440435807450117,0.3073200889479533,0.29471962156419923,0.21774457325816565,0.11474709764438655,0.170067905447173,0.16577746646399016
mal,0.25,0.651572962025425,0.2638574093423521,0.5146332132078717,0.6505589931425154,1399,2000,0.5146332132078717,0.38145950103846127,0.3545530133524348,0.3422433705492161,0.3162097428260182,0.2591301083541403,0.32738482702719557,0.2638574093423521
mal,0.5,0.6375059847925225,0.36490512316455914,0.48758189256341133,0.6505589931425154,1399,2000,0.48758189256341133,0.34225688829200324,0.378139929631155,0.3422491638675534,0.37277763417809623,0.37707975237541846,0.4255798942900721,0.36490512316455914
mal,0.75,0.5954874011812209,0.3973869340044744,0.40564351532715187,0.6505589931425154,1399,2000,0.40564351532715187,0.362900412634123,0.41369661403730223,0.40785154205613033,0.43070154824233847,0.40538745065664056,0.4222245961179997,0.3973869340044744
mal,1.0,0.5527581071104951,0.4069045893837164,0.36085112282758813,0.6505589931425154,1399,2000,0.36085112282758813,0.3369683610924401,0.4060563858139942,0.40814815995500303,0.4170822292736544,0.4249885639192584,0.421114671526731,0.4069045893837164
mar,0.0,0.4862073358259543,0.15545744436897413,0.40653586770937705,0.486622410989845,1397,2000,0.40653586770937705,0.36284226804562675,0.29917787236693416,0.3157143917473113,0.23528898048202654,0.21255471641100834,0.1856649544961019,0.15545744436897413
mar,0.25,0.49107621417360275,0.23578559118434983,0.40213776661140593,0.486622410989845,1397,2000,0.40213776661140593,0.3844216182557447,0.3386468110492995,0.35758149237591336,0.279029668294761,0.2781659517620449,0.27448582231379526,0.23578559118434983
mar,0.5,0.4876959229326142,0.2503765797916916,0.37782268112849726,0.486622410989845,1397,2000,0.37782268112849726,0.34876342902196567,0.3418942322064383,0.33005990193583506,0.2563605231769027,0.24757646961297594,0.24265694019428713,0.2503765797916916
mar,0.75,0.47656376162428193,0.25764051440673025,0.31293360166520023,0.486622410989845,1397,2000,0.31293360166520023,0.3413178717780269,0.36861285933987725,0.35446506282359597,0.3453939373681239,0.312907463548139,0.2778796445324087,0.25764051440673025
mar,1.0,0.44056835884365425,0.223875928406625,0.3270474946333787,0.486622410989845,1397,2000,0.3270474946333787,0.34154209755966825,0.30542242469005126,0.30801489031714285,0.2850972476023944,0.2619346249913419,0.2648718548210856,0.223875928406625
hin,0.0,0.4216066012472643,0.20118967135496357,0.3318895141805273,0.4216116104971694,1400,2000,0.3318895141805273,0.346990222959531,0.27963245672864606,0.23800627037394723,0.18589869804987605,0.16190323689900665,0.15108066855243069,0.20118967135496357
hin,0.25,0.4242080646831309,0.28429538846422264,0.35104297389873224,0.4216116104971694,1400,2000,0.35104297389873224,0.37383906862258715,0.33844904551432475,0.28807643011405876,0.27768372832672916,0.24052157064629426,0.24386136272461936,0.28429538846422264
hin,0.5,0.4266115178550978,0.2979392430219112,0.35913143602163305,0.4216116104971694,1400,2000,0.35913143602163305,0.34302189626349705,0.29287467035645753,0.2799229071065153,0.3006440243308728,0.24690915535639318,0.26973352058369404,0.2979392430219112
hin,0.75,0.43118053202142964,0.3391534978210755,0.3410770405332851,0.4216116104971694,1400,2000,0.3410770405332851,0.270409301796203,0.25926839983548244,0.2412678344838328,0.2795209237835443,0.23055099007480123,0.2732336412706029,0.3391534978210755
hin,1.0,0.43343989817027706,0.35892897373350474,0.29223606679231584,0.4216116104971694,1400,2000,0.29223606679231584,0.2196405120805235,0.23485701374350437,0.22329553963562918,0.24457006164662012,0.23375562591062446,0.25321735029654124,0.35892897373350474
